static const char kernel_config_data[] __used = MAGIC_START
	"\x1f\x8b\x08\x00\x00\x00\x00\x00\x02\x03\x94\x3c\x5b\x77\xdb\x36"
	"\xd2\xef\xfd\x15\x3a\xed\x4b\xfb\xd0\x44\xb7\xf8\xb2\xdf\xf1\x03"
	"\x48\x82\x12\x56\x24\x41\x13\xa0\x64\xfb\x85\x47\xb1\x99\xc4\x5f"
	"\x6d\x29\x2b\xcb\x69\xf3\xef\x77\x06\xe0\x05\x20\x41\xd9\xdb\x93"
	"\xd3\x84\x33\x83\xc1\x6d\x30\x98\x1b\xf4\xdb\x2f\xbf\x8d\xc8\xeb"
	"\x71\xff\xbc\x3d\x3e\xde\x6f\x9f\x9e\x7e\x8e\xbe\x96\xbb\xf2\xb0"
	"\x3d\x96\x0f\xa3\x2f\x8f\x4f\xe5\xff\x8d\x02\x3e\x4a\xb8\x1c\xd1"
	"\x80\xc9\x0f\x40\x1c\x3d\xee\x5e\xff\xf9\xb8\x3d\x3c\x9f\xcd\x47"
	"\xf3\x0f\x93\xcb\x0f\x93\xe9\xf9\x68\x55\x1e\x76\xe5\xd3\xc8\xdf"
	"\xef\xbe\x3c\x7e\x7d\x85\xd6\x8f\xfb\xdd\x2f\xbf\xfd\x02\x7f\x7e"
	"\x03\xe0\xf3\x77\x60\x74\xf8\xd7\x88\xec\x1e\x0e\xfb\xc7\x87\xd1"
	"\xef\x67\xf3\xf9\x6c\x7c\x7e\x31\xfa\xbc\x7d\x81\x6e\xf6\xbb\xd1"
	"\x61\x76\x31\xbb\x1c\x4f\xff\x18\xdd\x3f\x6d\x77\x5f\x47\x3f\xca"
	"\xc3\x0b\x70\x18\x4d\x26\x1f\xc6\x1f\x26\xa3\xdf\xbf\x1d\x8f\xdf"
	"\x5f\xfe\xf5\xf1\xe3\x56\x33\xf8\xf0\x75\xbf\xff\xfa\x54\xbe\xec"
	"\x5f\x0f\xf7\xe5\x87\xfb\xfd\xf3\xc7\xe3\x7e\xff\x74\xff\x6d\xfb"
	"\xb8\xfb\xf8\xf4\xf4\xe3\xf9\xcf\xef\x87\xfd\xff\x97\xf7\xc7\xd1"
	"\xe7\xd9\xe5\xf9\x97\x8b\xc9\xf8\x6c\x7c\x5f\x9e\x3d\x9c\x8f\x27"
	"\xe3\xf9\xf4\xf3\xf9\xc5\x74\x72\x3e\x2d\x1f\x26\xb3\xcf\x65\x79"
	"\x71\x79\xf1\xf9\xfc\xf2\x0f\x18\xa8\xcf\x93\x90\x2d\x8a\x85\xef"
	"\x17\x6b\x9a\x09\xc6\x93\xab\x71\x0d\x04\x18\x13\x85\x1f\x91\x64"
	"\x71\xf5\xb3\x06\x46\x01\x02\xa3\x28\x68\x41\x8a\xa2\x69\x3e\x99"
	"\x8c\xc7\xe3\x89\xc1\x63\x49\x44\x41\x44\x5c\x2c\xb8\xe4\x6d\x23"
	"\xc9\x79\x24\x0a\x91\xa7\x29\xcf\x64\x91\xd1\x28\x6b\x71\x2c\xbb"
	"\x2e\x36\x3c\x5b\xb5\x10\x2f\x67\x51\x20\x59\x4c\x0b\x7a\x23\x89"
	"\x17\xd1\x42\x40\x33\x83\xdb\x32\xa3\x04\x46\x96\x84\x1c\xfe\x57"
	"\x48\x22\xb0\xb1\xda\x88\x85\xda\xd8\xa7\xd1\x4b\x79\x7c\xfd\xde"
	"\xce\x98\x25\x4c\x16\x34\x59\x17\x24\x83\x49\xb1\x98\xc9\xab\xd9"
	"\x14\xf7\xad\x1a\x37\x8f\x53\x06\xdd\x48\x2a\xe4\xe8\xf1\x65\xb4"
	"\xdb\x1f\x91\x43\xb3\x0a\xdc\x27\x51\x3d\xe3\x5f\xff\x7c\xd8\xdf"
	"\xff\x55\x1e\x7e\x75\x61\x0b\x92\x9b\xd3\x56\x13\x29\x04\x89\xe4"
	"\xd5\xaf\x0d\x7d\x40\x43\x92\x47\xb2\x58\x72\x21\x13\x12\xd3\xab"
	"\x5f\x7f\xdf\xed\x77\xe5\x1f\x0d\x81\xd8\x90\x14\x78\x34\xa3\x13"
	"\xb7\x62\xcd\x52\xdf\x1c\x58\x83\x4b\xb9\x60\x37\x45\x7c\x9d\xd3"
	"\x9c\x3a\x46\xee\x67\x5c\x88\x22\xa6\x31\xcf\x6e\x0b\x22\x25\xf1"
	"\x97\x26\xe7\x5c\xd0\x88\x79\x8e\x76\x24\x87\x93\xd0\xce\x63\x49"
	"\xd6\x14\x96\xce\x5f\x6a\x04\x0c\x08\xa6\x1c\xb5\xf8\x13\xd0\x62"
	"\x43\xa4\xea\xd4\x02\xca\x8c\xd2\x7a\xcb\x60\xff\x47\x2f\xaf\x9f"
	"\x5f\x7e\xbe\x1c\xcb\x67\x43\x48\x69\x42\x33\xe6\x2b\xf1\x48\x33"
	"\xee\xd1\x96\x87\x89\x12\x4b\xbe\x19\xc6\x14\x11\x5d\xd3\xc8\x8d"
	"\xa7\x61\x48\x7d\xc9\x70\x66\x61\x58\xc4\x5a\x88\x1c\x74\x31\x5b"
	"\x64\x44\xe2\xd6\x1b\xeb\x91\x05\x80\x02\x89\xde\x80\x30\x0b\x9a"
	"\x04\xee\xa6\xfe\x92\xa5\xb6\xa0\x07\x3c\x26\x2c\x71\xc1\x8a\x25"
	"\xa3\x19\xae\xf1\x6d\x9f\x57\x2c\x18\x52\x0e\x22\x7a\x6c\x97\x24"
	"\x09\x40\x9e\x2b\xce\x56\x53\x24\x0f\x79\xe6\xd3\xa0\x3a\x47\xcc"
	"\x3c\xf0\x22\x25\x99\xa0\xee\xce\xd4\x62\x80\xe4\xb2\x8a\xbd\x71"
	"\x86\x95\x6c\xf8\x70\x12\x56\x82\xe7\xc0\xbb\x08\x88\x24\x7d\x0e"
	"\xea\x4c\xaf\x7b\x82\x52\xa3\x15\x03\xd8\xb0\x44\x8a\x0e\x6b\xd4"
	"\x2a\x92\xf9\xab\xc2\xcb\x38\x09\x7c\x22\xe4\xc9\xd6\x16\x99\x12"
	"\x32\xf9\xf8\x0c\xfa\xd6\x25\x67\x8a\x2d\x4f\x28\x88\x8b\xc1\x34"
	"\xe1\xc5\xf2\x0e\xf5\x42\xac\xf6\xbd\x39\x31\x00\x4c\xa1\x37\x1e"
	"\x30\xdf\x71\x6c\x74\x2b\x06\x6b\x63\xb6\xd1\xd0\x30\x8f\xa2\xa1"
	"\x26\xc6\xc6\xb1\xc5\x12\x45\x4a\x2d\x55\x26\x4c\x36\x29\x9c\x99"
	"\x38\x95\xd0\x22\xa1\x6e\x5d\x50\x11\xac\x79\x94\x27\x92\x64\xb7"
	"\x8e\xee\x2a\x9a\xb6\xc3\xba\x91\xcf\xa1\x4d\xbd\x5a\x7e\x9a\x7f"
	"\x94\xdb\x97\xbf\x46\x47\x58\xb6\x11\xdc\x48\xa3\x97\xe3\xf6\xf8"
	"\x32\xda\xde\xdf\xef\x5f\x77\xc7\xc7\xdd\xd7\xce\xfa\x41\x83\x82"
	"\xf8\x8a\x87\x16\xa7\x66\x50\x6b\x06\x0a\xdf\x46\xe3\x8e\x39\x27"
	"\x80\x02\xa6\x44\xa4\xa5\x75\xd2\x79\x22\x40\x95\xe0\x53\xd0\x6d"
	"\x40\xea\x52\xd9\x78\x27\x08\x49\xa4\xb5\x82\x08\x04\xf5\x1b\x91"
	"\xdb\x53\xcd\x8a\x1b\x44\x1a\xb7\x0d\xc2\x18\xb7\xe7\x57\xaf\x9e"
	"\x60\xd6\x16\xc1\x71\xac\xd5\x7b\xc0\x04\x5e\x5d\x81\x4b\x2b\xc3"
	"\x72\x30\xc1\xa3\x5a\xab\xa8\x35\xcf\xfc\x7c\x24\xfa\xe2\x59\xef"
	"\x0f\xa0\xcd\x9e\xe0\x13\x2e\x47\x10\x45\xd7\x2c\x84\x26\xae\xc7"
	"\x0f\x1c\xba\x20\x5c\x9d\xc2\x02\x21\x43\x58\xb0\x28\x6a\x85\xde"
	"\xc0\x24\x14\xd4\x85\xa0\x0b\xdf\x8b\x98\x79\xf6\xf4\x05\xe7\xb1"
	"\x64\xea\x1b\x1a\x66\xa5\xff\xd1\x87\xa8\x5d\x33\xc1\x4b\xd0\x3f"
	"\x28\xe6\xcf\xed\x65\x8a\x4c\x43\x50\xde\x2c\x94\x57\x93\x4b\x13"
	"\x8e\xcb\x16\x93\x1b\x13\x3f\x6d\x97\x89\x25\x72\x05\x57\x6d\x48"
	"\xbb\x3c\x66\x5d\x45\x21\xfc\x25\xcc\x46\xa9\x8b\x7a\xf1\xc5\xfd"
	"\xb7\xf2\xe1\x15\x0c\xb8\xd1\x97\x72\x7b\x7c\x3d\x94\x2f\xed\x0e"
	"\xe4\x60\xf1\xc4\x69\x6d\x65\xd8\x40\x2f\x07\x95\x03\xfa\x46\x9f"
	"\x9e\x4f\x96\xce\xaa\xac\x1d\x51\x24\x79\x4c\x0a\x8f\x80\xdd\xe4"
	"\x5b\xc2\x63\x53\xc1\xf8\x27\xd3\x0b\xc3\xce\x5a\x64\x3c\x4f\x0d"
	"\x45\x98\x92\x05\xd5\x1d\x99\x9a\x17\xee\x76\x7f\xd1\xf9\xac\x2d"
	"\x88\x1e\x0c\x4c\x20\x25\x93\x5d\xdc\x0a\xfe\x32\x36\x35\x5a\x55"
	"\xbd\x9b\x12\x17\x50\x2f\x37\x71\x2e\xb9\x56\x88\x62\x93\x31\x49"
	"\x3d\xe2\xaf\xba\x93\xd1\x2b\xdf\x42\x43\xc2\xb2\xc2\xc6\xb4\x26"
	"\x59\x08\x5a\x1c\xae\x99\x0d\x0b\xe4\xd2\xa9\x05\x40\xaf\x18\x6d"
	"\x1d\xc3\x31\x36\xae\xe8\x4d\xa7\x1a\x51\xca\x02\xe1\xe4\x5e\xe1"
	"\xb3\x20\x26\xc3\x33\x0d\xe1\x68\xdd\x99\xbb\x01\x22\x2a\xa8\x79"
	"\x7b\xa1\xc0\x63\x27\x15\xc6\x31\x82\x80\xae\x99\x4f\x87\xfb\x80"
	"\x86\x95\x3e\xea\x8d\x9d\x66\xe1\x70\x3b\x2f\x0d\x9d\xbd\xc1\x2e"
	"\xba\x54\x06\xf7\x57\x0d\x8d\x75\x77\xa3\x89\x0a\x56\x01\x28\x5b"
	"\x43\xfa\x51\xaa\x45\xc7\x92\xcc\x00\xe4\xba\x71\x60\xf2\x89\xd1"
	"\x36\xa1\xb2\xd3\x16\xb6\xcf\x5f\xa5\x1c\x0e\x00\xde\x7c\x92\x67"
	"\xae\xd5\xd0\x87\x16\xcd\xeb\x7a\x2b\x2d\x84\xcc\x13\xda\xb1\x99"
	"\x41\x80\x02\x0a\xea\xd3\x27\xd2\x16\x8f\x56\x82\xf0\x2a\x70\xf4"
	"\x85\x42\x0e\xdb\xa2\xbc\x86\xcc\x90\x57\xf5\x4d\x62\x60\xac\xad"
	"\x1c\xc3\xa8\xcf\x82\x62\x71\xc7\x2c\x09\x03\x90\x07\xa0\xa9\xbb"
	"\xeb\xa0\x88\xee\x6c\xd1\x32\x71\x37\x77\xc3\xad\xf8\x30\x6a\xee"
	"\x16\x65\xbf\xe0\x29\xdc\xab\xec\x8e\xa2\xe5\xa7\xe4\x86\x67\x31"
	"\xa8\x23\xa7\xd8\x75\xa8\x05\xfc\xc3\x58\x6d\xb0\xdd\x64\xd4\xf1"
	"\x0c\x72\x16\x4c\xce\xba\x34\x70\x3d\xf9\x34\xc5\x1b\x0e\x6e\x20"
	"\x10\x1f\x43\xbf\x28\xc9\xac\x3e\xf4\x25\x66\x88\x96\xcd\x4b\xd9"
	"\x9b\x28\x5c\xd6\xe6\x2e\xa8\x44\x7b\xbd\xa8\x2c\x49\xe7\xac\xb5"
	"\x04\xbc\x41\x81\xe3\x3c\x45\x12\x6a\x4b\xd7\x25\xd6\xca\xf1\x6a"
	"\xac\x34\xeb\x1a\xea\x7e\x17\x49\xcc\xcc\x3b\xd3\xd0\xd7\x34\x0a"
	"\x41\xa7\x67\xe6\xea\x10\xb0\xbf\xd1\x58\x34\xf4\x64\x2e\xe9\x4d"
	"\xe7\x13\xce\x95\xc1\x25\xe5\x26\xbd\x60\x8b\x84\x44\xa1\x21\xb9"
	"\x6a\x9c\x26\x40\xd9\xc9\x26\x40\x2c\xad\x3b\x80\x30\xc3\x8d\x25"
	"\xc1\x9a\xc1\xa0\xaa\x85\x12\xd6\xed\xe1\x91\x2c\x63\xa6\x0a\x5c"
	"\x21\xc9\x6d\x6c\x9d\xf0\x1a\x56\x0c\xad\x73\x43\xa0\x66\x8f\xe7"
	"\x12\x1d\x33\xd7\xd1\x4c\xc3\xa2\xe7\x3f\x20\xf0\xdf\xe0\x55\x92"
	"\x68\x43\x6e\x45\x61\x5b\xec\x28\x3c\xca\x22\x0b\x5d\x77\x44\xe3"
	"\x5d\xb4\x53\x01\xfe\x89\x5f\x6f\x4a\x7b\xbe\x04\xbd\x76\xb4\x87"
	"\x56\x34\x08\xcc\x4b\x4d\x9d\x08\x3c\x62\x45\xe3\xc9\xb4\xf6\xa1"
	"\x3f\x19\x5b\x67\x54\x19\x1f\xf4\x9f\x63\xb9\x53\xb1\xa0\x97\xae"
	"\x19\x52\xc7\x97\x62\xb9\x32\x90\x65\xdd\xa0\x35\x52\x62\x34\x7e"
	"\x94\x26\xa4\x37\x92\x26\xc2\x72\x57\x11\x89\x4e\x49\x65\x84\x50"
	"\x30\x03\x96\xf8\x77\x4c\x13\x69\x53\x69\x16\x0c\x4d\x0c\x9e\xba"
	"\x50\x91\xf7\x56\x63\x75\xd8\xcd\x33\xd1\xa2\xd0\x80\x03\x85\x1c"
	"\x5a\xf6\x4b\x83\xf5\x6a\x5b\x5b\x3b\xdc\x4d\x7c\xa0\x8a\xbb\xa5"
	"\xe5\xe1\xcb\xfe\xf0\xbc\xdd\xdd\x97\x23\xfa\xa3\xdc\x81\x3b\x42"
	"\xc0\x31\xf1\xd1\x21\x01\xd7\xce\xb0\x98\xdd\x6b\xaf\xed\x17\x85"
	"\x04\x91\x28\xd6\x31\x88\x10\x77\x39\x71\xeb\x58\xb7\xae\x6d\x2d"
	"\x8b\x8b\x88\x72\xaf\x7f\x89\xda\xe8\xca\xde\x52\xfa\x87\xbb\x3d"
	"\x1d\x0c\x38\x11\x09\x6e\xea\x6a\x80\x0d\x71\x45\x65\x90\xbb\x3d"
	"\x18\xee\x0d\xb6\x87\x61\x64\x60\x30\x56\xee\xc8\x30\x19\xda\x30"
	"\x68\xd4\x17\x19\xa8\x3a\x1e\xbf\x83\x10\xa3\x1f\x60\x4a\x07\x03"
	"\x23\xd4\xdb\x4c\x32\xc9\x48\x64\x5d\x0a\x92\xc6\xca\xb6\xc0\xe0"
	"\x21\x0b\x99\xdf\x09\xaa\x80\xa9\x14\xb2\xc8\xb2\x90\x95\x2c\x29"
	"\xcb\xc0\x0a\x08\xc4\x67\xf3\xf6\xf3\x6c\xee\x99\xa1\xaa\x38\xce"
	"\x3b\xa4\xda\x70\xee\x3a\x0c\x1a\x05\x1f\xb2\x42\xcd\x2d\x95\x10"
	"\xc7\x60\x2d\x67\x09\x4a\x25\xd8\x3a\x31\x4b\xae\x26\x17\xa7\x08"
	"\xc8\xcd\xd5\x74\x80\x43\xbd\xd7\x0d\xa3\xc9\x3b\xe8\x80\xdf\xe4"
	"\xcc\x88\x11\x30\xae\x22\xa7\xb1\x69\xd7\x83\xbb\xe6\xaf\xd4\x12"
	"\xd5\x5e\x84\x61\xaa\x44\x11\x5d\x90\xa8\x50\x8b\x07\x3a\x6d\x4d"
	"\xa2\x9c\x5e\x8d\xff\x79\x28\xb7\x0f\x63\xe3\x3f\x23\x88\xb9\x02"
	"\x6b\xa9\xcf\x48\xf3\x07\xcf\x3c\x8c\xc8\x42\xf4\xf1\xd9\x46\xc0"
	"\xb6\xde\xf8\xcb\x05\x09\xc0\x3e\x8b\x16\x1c\xac\xff\x65\xdc\x0f"
	"\xcf\x58\xd7\x9e\x01\x6c\xb4\x7d\x3d\x56\xd1\x27\x5b\x6e\x28\x5b"
	"\x2c\x5d\x31\x1f\x91\x3b\xba\x82\xdb\x81\x79\xa8\x42\xb4\xb3\xdf"
	"\x12\xdc\xf1\x04\x60\x31\x99\x4d\x3b\xfa\xba\x6e\xb9\xb0\x2c\xcb"
	"\xd8\xf8\x58\xd1\x2c\xa1\x51\x11\xf3\x80\x82\x09\x6b\xca\x6d\x08"
	"\x76\x00\x25\x59\x74\x0b\xdf\x85\x75\x89\xa6\x0b\x1d\xbd\x56\x41"
	"\x48\x71\x35\x73\x3b\x7e\xb9\x8a\x6e\x76\x23\x5e\xca\x71\x58\xe1"
	"\x2d\x54\xc0\x6d\xdf\x44\x66\xd2\xa7\xed\x11\xd5\x20\x1c\xba\xa7"
	"\xf2\xbe\x4a\x41\x34\xe7\x54\x87\x68\x7d\x3c\x57\x6e\xaf\xa6\xea"
	"\x39\xb9\x61\xc3\x68\x12\xa5\x6c\x20\xc2\xa4\xf0\x9e\x1f\x4f\x2f"
	"\x66\x9f\x4e\x12\x14\x0c\xc7\x7f\x82\x84\x66\x70\xd2\x4f\xe0\x33"
	"\x3f\x16\xd2\x1b\x26\xa0\x37\xb7\x09\x3f\x31\xc7\xd5\x6c\x18\x07"
	"\x22\x01\x52\xe6\x93\xf4\xc4\x24\xa3\xc5\x64\x35\x8c\x5d\x32\xc1"
	"\x86\x8c\x89\x98\x06\x0c\x44\x6f\x65\x2a\xea\x98\x20\x42\x9e\x9d"
	"\x9f\x4d\x1c\xcd\x5a\xec\x27\x67\xa3\xf3\x4b\xe7\x48\x2a\xfc\xc5"
	"\xe4\x7c\x76\x1a\x7f\x79\x62\xaf\xc0\xb7\xe3\x27\xf6\x21\x5e\xc3"
	"\x55\x37\x8c\xbe\xf6\x07\x2e\x0c\x85\xcd\x28\x89\x60\x21\x4e\x10"
	"\x80\xd2\xc1\x10\xf9\x09\x51\xa5\x44\xca\xe8\xc4\x3e\x81\xad\x76"
	"\x9d\xa3\xc1\x71\x6a\x18\x09\x15\xe4\xd4\x79\x90\x18\xdf\xbf\x99"
	"\x8c\x87\x49\x24\x05\x93\xe4\x04\x87\x34\x0b\x4e\x34\x5e\xe6\x49"
	"\x70\x6a\x84\x15\xc1\x74\x98\x22\x4f\x58\x8a\xf9\x81\x61\x8a\x35"
	"\x38\x52\xe0\x3d\x9f\x98\xe6\x0d\x2a\xb9\x61\xf4\xdd\xcd\x09\x1c"
	"\xac\x72\x9c\xf6\x0c\x57\xef\x15\x23\xea\xdf\xbf\xef\x0f\x47\x53"
	"\x0b\xa5\x3e\xeb\x91\x22\x8c\xee\x1e\xbe\xef\x1f\x77\x5d\x5a\x30"
	"\x28\x03\xa5\xfa\x7b\x8d\x2a\xcb\x2f\x6c\x43\x72\x0a\x0c\x57\xf7"
	"\xa8\x3c\x1c\xb6\xc7\xed\xe8\xef\xfd\xe1\xaf\xed\x01\x4c\xc0\x87"
	"\x97\xd1\x8f\xc7\xed\xe8\xf8\xad\x1c\x6d\x9f\xc0\x1e\xdc\x6d\x8f"
	"\x8f\x3f\xca\x97\xd1\x97\xc3\xf6\xb9\x44\xaa\xd6\x3e\xd4\x37\x3f"
	"\xcd\x60\xd3\xf3\xb8\xb8\x98\x9e\xcd\x26\x97\x5d\x93\xa1\xc5\x9e"
	"\x9f\xc4\xce\xc7\x67\xc3\xd8\xc9\xe5\xfc\x7c\x3a\x88\x9d\x4d\xc7"
	"\xe7\x9f\x06\xb1\xf3\x4f\xe7\x27\xfa\x9d\xcf\xe6\xc3\xd8\xc9\x78"
	"\x3a\x3f\x9f\x5c\x0c\xa2\xe7\x67\xb3\xe9\xd4\xe8\xd9\x27\x6b\x06"
	"\xf0\x1a\x3f\x9d\xce\xce\x4f\x60\x67\x93\x4f\xf3\x61\xec\xf9\xfc"
	"\xd3\xd9\x20\x76\x36\x9e\x4c\x0c\xce\xa8\x3c\x8a\x90\x44\x2b\x9e"
	"\x19\x63\x1f\xcf\xde\xa4\xb8\xec\x50\x5c\x07\x21\x6c\xc4\xb8\x21"
	"\x19\x8f\xcf\x8c\x6e\x04\xf7\xe1\x3a\x84\x2b\xb4\xd5\x15\xe8\x84"
	"\x30\xd3\xa4\x44\x7d\x1e\x31\xbc\xbf\x9b\x6e\xce\x26\x67\xe3\xf1"
	"\xc5\x78\x7a\x7a\x34\x14\xfc\xb9\x49\x77\xa5\xe7\x2b\x65\x72\x5a"
	"\x7e\x83\xc6\x4c\xce\x2a\xd4\xc0\x51\x43\x9a\xb3\xb9\x83\xc6\xa2"
	"\x58\x13\x6d\x24\xce\x2e\xfb\x3d\xd4\xb8\xf9\xc5\x5b\xcd\xaf\x66"
	"\x97\x5d\x33\xb9\x6e\xda\x37\xa0\x75\x8b\xf9\x85\xe1\xc1\x80\x91"
	"\x8f\x1e\x1b\x1c\x5e\x46\x92\xc1\x80\x5d\xec\x5b\x0e\x8b\x82\x89"
	"\xd8\x95\xb4\x48\x32\x15\x23\xbd\x3a\x6b\xcc\xe8\x25\x97\x69\x94"
	"\xab\xae\xac\x74\x5a\xee\x0c\xc9\x2e\x79\x44\x31\x8a\xae\x8c\xbc"
	"\x4e\xca\x0e\x84\xc6\xd5\xe2\xae\x98\x7e\x1a\x77\x48\x67\x63\xf7"
	"\x35\xa0\xb9\xb8\xd9\x5c\x01\x1b\x7b\xda\xcb\x0c\xd3\x62\x43\xa1"
	"\xfe\xca\x15\x85\x4d\x56\x3e\xa8\x23\xd7\xa9\x27\xa3\xf3\xf6\x68"
	"\x72\x46\x5d\x56\x2a\x4d\x0b\xf8\x2a\xa2\x3f\x88\xae\xdc\xbf\x2e"
	"\x9e\x46\xd4\x97\x75\x5d\x80\xab\x03\xb0\xf6\xa5\x8b\x7d\x5b\x09"
	"\x90\x86\x09\x7a\x15\xcc\x0c\x7d\x6c\x3a\xce\x77\xeb\xfb\xb5\x93"
	"\x5f\xe6\x0b\x2a\x23\x2f\xec\x1a\xbc\x1b\x02\xae\x18\x22\x8b\x34"
	"\x06\x19\x01\x27\x93\x3a\x16\xc6\x07\xa3\x06\x0c\x6a\x30\x50\x3b"
	"\x81\x49\x55\x7a\xb2\x46\x3f\x8f\x04\x7c\x83\x2e\x40\xa4\x1d\x24"
	"\x63\x18\xd4\x47\x1f\xcb\xcc\xa8\x64\x04\xf3\x93\x56\x88\xa6\x82"
	"\xbd\x2b\x11\xb9\xa2\x37\xd4\x6d\xe5\xfa\x19\x11\xcb\x22\xc8\x63"
	"\xb7\x71\x73\x43\x5d\x47\x46\xa5\xe5\x55\x8a\x0b\x65\x98\x83\x97"
	"\x9d\x19\xde\x62\x9e\xa0\xa7\x58\xf9\x21\xe0\x28\xd2\x68\x6c\x57"
	"\x24\xd0\x04\xec\x66\x92\x28\xe7\x01\x8c\x50\x5f\xf2\xac\x47\x40"
	"\xa3\x29\x98\x0a\x88\xea\x7a\xd4\x85\x10\x5e\xd0\x85\x49\xb2\x58"
	"\x60\xd8\x3d\x08\xb2\x82\x78\xcc\x42\xaf\x2f\x8c\xf8\xba\xb1\xca"
	"\x9b\xb4\xa0\x71\x1e\x75\xbc\x7b\x3f\x9d\x7c\x2a\xea\x08\x9b\x03"
	"\x2f\xa8\x04\x55\xe2\xc2\x54\xa3\xdb\x14\x52\x7a\xd9\x18\x36\xa8"
	"\x49\x99\x02\xe6\xc7\xc5\x87\xc9\x68\x7b\xb8\xff\xf6\x78\x04\x77"
	"\xe8\x15\x4b\x7f\xfa\x19\x3c\xcd\x01\xa4\x93\x84\x81\x17\xf7\xb5"
	"\x5b\xaf\xb3\x48\xc0\xd6\x4b\x1e\x33\xdf\xa1\xc4\xd7\x4b\xda\xb3"
	"\x54\xf4\x48\xa6\xef\x1c\x49\x4e\x78\x9f\x6d\x0a\xc7\x6d\x50\x67"
	"\x83\x34\x61\x60\xaf\xbf\x2a\x6b\xda\x05\xc1\x69\xce\xc1\xe7\x4c"
	"\x23\xf3\x04\x82\x8f\xcd\x61\x9f\xec\xb3\xac\x03\x3e\x18\xe7\xc7"
	"\xa8\xab\x0b\x5e\xf1\xca\xe8\x02\xc3\xf8\x55\x50\x5a\x9b\x7e\x7b"
	"\x18\xe6\xfe\x3b\x3a\xa0\xc6\xf4\xfc\x38\xc0\xa3\x89\x79\x91\x66"
	"\x76\x34\x74\xb9\x4a\x3a\xd8\xd1\x78\xb5\xfb\xbf\xcb\xc3\xe8\x79"
	"\xbb\xdb\x7e\x2d\x9f\xcb\x9d\x83\xb3\xc8\x45\x6a\x95\xd9\x54\x00"
	"\x23\x05\xd7\xde\x32\x15\x4a\xac\x58\xaa\x82\xb9\x6e\x85\xce\xc0"
	"\x09\x4d\x94\xac\xb9\xc2\xfb\x71\x21\x22\x4a\x4d\x65\x51\x41\xaa"
	"\xb0\x40\xab\x30\x62\x95\x95\x52\x38\x37\xa3\x0d\x59\x51\x55\x1a"
	"\x63\x31\x6b\xa0\x55\x3d\xda\xd8\x62\xd9\x62\x17\xbe\x93\x6b\x67"
	"\x08\x43\x79\x3d\x40\xf9\xd1\xca\xea\xb8\x8e\x75\xe8\xe2\x20\x63"
	"\x50\x9b\xeb\x22\xe5\x1b\x3c\x9e\x61\xc8\x7c\x86\x21\xd0\xde\xf5"
	"\xd1\x6f\xef\x58\xa7\x2e\x05\x0f\xad\x0c\xa9\x1e\x7d\x2d\x1e\x40"
	"\xba\x70\xdf\x41\xc6\x0e\x61\xba\x45\x30\xc7\x45\x57\x6d\xb5\x81"
	"\xae\x0b\x58\x2a\xa1\x8a\x1b\xa1\x6a\x6a\x35\x01\xc7\x1e\x9e\x4a"
	"\x43\x6c\xb1\x1e\x23\x30\x99\xd7\x10\x9d\x7f\x4a\xb1\x94\x2a\x63"
	"\xeb\x4e\x2c\xb8\x21\x5a\xf0\x75\x11\x81\x8e\xb4\xfd\x33\x17\x55"
	"\x4c\x93\x7c\x90\x05\x06\xf9\xdf\x6a\x2f\x57\xc3\x3c\x12\x3e\xc0"
	"\x22\x90\x9a\x00\x0b\x62\x94\x59\xda\xb8\x51\xf5\x5a\x8c\x82\xc3"
	"\xe3\x0f\x1d\x45\x37\xd5\x12\xf2\x66\xc1\xa0\xff\x1d\xab\xf1\x5c"
	"\x4c\x6e\x6e\x5c\x84\x1d\xb2\x8a\xa2\xa3\xf8\x14\x2a\xa1\x9b\xaa"
	"\x82\xac\xcf\xa5\xd9\xb2\xf0\x50\xfe\xe7\xb5\xdc\xdd\xff\x1c\xbd"
	"\xdc\x6f\x9f\xac\x12\x24\x5c\x01\xd0\x03\xd7\xf6\xfe\x21\x44\x2d"
	"\x1a\x91\x32\x2b\x74\xf2\xdd\x85\xee\x17\x79\x35\x68\x5c\xb0\x81"
	"\x2d\x51\x78\xb4\x11\x84\xb3\x65\x5d\x05\x84\x1d\x0c\xe4\x5b\xdf"
	"\x68\x84\x27\x51\x90\xf5\xff\xd0\x04\x33\x5d\x2a\x53\xff\xfe\x26"
	"\x3c\x09\x28\x0c\x2c\x78\x7f\x0b\xc0\x41\x37\xeb\xa1\xfc\x9c\xb3"
	"\x8d\xb2\x89\x73\xc9\xa2\x81\x1d\x30\x16\x68\x88\xa2\x5e\x0d\xe7"
	"\x62\xff\x0f\x93\x1f\x9a\xb4\x5b\x30\xda\xa9\x0e\x8c\xcb\x9c\x59"
	"\x23\xa9\x5f\xba\x92\x3a\x7a\xe8\x9f\x2e\x20\xd4\xeb\x24\x87\x06"
	"\xac\xd1\x79\x1c\xdf\x0e\x1e\x3f\x74\xc0\x22\x86\x11\xb2\xba\xc1"
	"\xc0\x01\x14\x7e\xca\x6a\x92\xde\x09\xac\x02\x96\x2e\x16\x16\xa1"
	"\x10\x69\xfc\x66\x3f\xb1\xb3\x9f\x6b\x9e\xb1\x6b\x57\x5b\xb5\x24"
	"\xe1\xe3\xe1\xf9\xef\xed\xc1\xd4\x42\x06\xcf\x54\xf8\xac\x08\x37"
	"\xdd\x61\x2b\xb0\x2a\x1d\x71\xaa\xdd\x66\x34\x69\xc6\x25\xf7\x79"
	"\xd4\x6d\xaf\x91\xea\xbe\xd3\xf7\xd4\xa9\xa5\x1b\x66\x92\x0e\x33"
	"\xb1\x29\x03\xaa\xf3\xaa\xe1\x90\x8c\x86\x2c\x8b\x37\xe0\xf5\xa0"
	"\x5b\x06\x96\xbe\xcb\xd3\xd4\xce\x17\x30\x8b\x7d\xdf\x72\xac\x17"
	"\x9c\x2f\x40\x08\x6a\x16\xbd\x15\x96\xe5\xd7\xc3\x76\xf4\xa5\x5e"
	"\x67\x2d\x8f\xa6\x38\xa2\xcb\x93\x83\x37\x77\x37\x64\x10\x55\xf9"
	"\xb2\xec\x36\x35\x0b\xdc\xf5\x37\x3a\x5d\xd3\x4f\x67\x4d\x66\xce"
	"\xf0\x82\x6a\xf4\xa7\xc9\x54\xa3\x07\xbc\xa5\x9a\x6e\x52\x77\xe4"
	"\xae\x66\x6f\x7a\x6b\xc8\xde\xe8\xae\x18\x52\x08\x0d\xe9\xec\x1d"
	"\xe3\x8a\x67\xef\xe3\x16\xcf\xdf\x45\xb7\x58\xa2\x73\xf8\x1e\x4a"
	"\x3f\xf3\x67\xd3\x77\x2c\x09\xa1\xa2\x9b\x17\xed\x62\xdc\x6b\x65"
	"\xa2\xc1\x87\x8e\xdf\xd1\x05\x52\x7a\xd1\xea\x24\x33\xcc\x90\x21"
	"\xd1\xc9\xb9\x2d\xc1\x97\x27\xd3\xb1\x22\x3e\x45\xd8\xb2\xf5\x44"
	"\x4f\xb2\xeb\x07\x1f\x86\xe7\x55\xfe\xf9\x50\x7e\x2f\x77\x0f\x4e"
	"\x47\x62\xd5\x64\xdb\x9a\x6e\xfe\x0d\x5e\x3a\xd8\x6f\x1e\x75\xd5"
	"\x67\xf7\xb2\x73\xea\x10\xb6\x16\x72\x9e\xc0\xa9\x59\x24\xe8\x24"
	"\xfb\x58\x90\x6c\x64\x0c\x33\x2a\x9d\x8d\x57\x6e\xe8\x10\xb9\x55"
	"\x3c\xd4\xc6\x5f\x54\x62\x76\xc9\xf9\xaa\x83\x0c\x62\xa2\xd2\xda"
	"\x6c\x91\xf3\xdc\x91\x4b\x05\xf7\x45\x5b\x83\xba\xfa\xdf\x51\xe6"
	"\x8f\x48\x2c\x28\x42\x9b\xc9\xcc\x87\x36\x41\x18\xb8\xac\x25\x0b"
	"\x6f\xeb\x2a\xb8\x3e\x01\x34\xac\x82\x4b\xce\x91\xeb\xe7\x3b\x42"
	"\x66\xb9\x2f\x8b\xcd\x92\x49\x6a\x57\x15\x2b\x52\x70\x3a\x61\xdb"
	"\xd1\x8d\xc3\x28\x4e\xb5\xba\x05\x49\xbb\x8b\x81\x85\x39\x1d\x90"
	"\xe5\xf1\x28\x08\xf8\xfe\x1e\x74\xaa\xab\x0c\x5d\xb5\x3a\xd8\x9b"
	"\x0b\xae\xea\x1a\xf5\x08\x30\x98\xe3\x9a\x4e\x2b\x3e\xdd\x91\xf9"
	"\x79\xa1\x13\xc0\xa1\x7e\xee\x62\x2f\x93\xde\x5a\x5d\xb2\xec\xc7"
	"\x29\xa6\xd0\xbb\xec\x2b\xc9\xaa\x56\x0a\x03\x86\xdd\x99\xea\x76"
	"\xfa\x0d\xd2\x00\x2e\xe0\x79\xdf\x71\x52\xd1\xb6\xaa\xe2\x80\xa5"
	"\x7e\xa1\x9f\x7d\xd4\x6f\x9c\x1c\xb3\xac\x82\x67\x70\xc5\x44\x56"
	"\xfd\xf1\x10\x5c\x07\xe3\x70\xe1\xf0\xee\xa4\x76\x30\xaa\x7a\x27"
	"\x66\xa3\xd5\xc3\x86\x4e\x75\x83\xa3\x6d\xa7\x11\xac\x0d\x1f\x2e"
	"\xaa\x8e\x50\xcf\xd8\x4f\xda\x6c\x02\xb9\x64\x49\x64\xde\x68\xd8"
	"\x22\xe9\x44\x90\x1b\x2e\x43\x39\xdf\x86\x9d\x2b\xfa\xd8\xc6\x25"
	"\xba\xc8\xa1\x2b\x1e\x8f\x2f\x26\x2c\xf0\x88\xaf\xac\x82\x18\x85"
	"\x1e\x78\x52\xd1\xa1\x72\x3c\xa6\x18\x50\x23\x09\x86\x8b\x69\x15"
	"\x7d\x75\x08\x99\x96\x57\x8c\xcc\xae\xad\xfa\x13\x85\x04\xc7\xbd"
	"\x8e\x39\x53\x1f\xab\x7a\x8c\x52\x1c\x15\x3d\x12\xaa\xdc\x0a\xeb"
	"\x1c\xb1\xd0\xc3\xa1\x2c\x14\xaa\x0e\x39\xb9\xba\xb6\x4a\x6d\x3a"
	"\x0c\x6c\x5c\x5b\xa3\xe3\x68\x6d\xd4\xd7\x0c\x31\x31\x49\xda\xc0"
	"\xab\x1f\x61\xd9\x08\x16\xb4\x83\x6d\x15\x18\x8d\x39\x3e\xee\x63"
	"\x8b\x2a\x08\x61\x24\xae\x2a\x3e\x15\x5e\x17\x64\xf4\xb0\xb3\xa9"
	"\xc7\x74\x98\xd9\x35\x69\x5c\xea\x6e\x00\xdb\x05\x6b\x75\xae\x04"
	"\xe5\x2d\xeb\xf8\x70\xb6\xb9\x31\x8f\xcc\x20\xaa\xdb\xbc\x8e\xf8"
	"\x39\x9a\xbb\x50\x19\x0d\x95\x70\x75\x0a\x56\x8d\x2c\x01\x6c\x3a"
	"\x58\x30\x55\xfc\x11\xeb\x52\x1c\x7d\xdb\xef\x41\xab\x2f\x7d\xbb"
	"\xfb\x7c\xfd\xa7\x7e\x41\xfb\x97\x4e\x06\x7f\x3f\xec\xbf\x3c\xda"
	"\xee\x7f\xc3\x07\xa9\xab\x32\x32\x54\x9e\xdd\x01\xe1\xb3\x57\x4c"
	"\x28\x59\x41\x2f\x2c\xaa\xc2\x7a\x5a\xf3\xda\x55\x45\xa8\x02\x0b"
	"\x04\xdb\xe7\xb1\x95\x30\x5b\x05\x1a\x7a\x41\x74\xd4\x3e\xe2\xc4"
	"\xe5\x50\x56\x34\x79\x82\xf8\xc1\xc6\x1a\xed\x6e\x5e\xe9\x64\x57"
	"\xcf\x22\xf3\x9b\x77\xa7\x03\x85\xb5\x35\x25\x5b\x9c\x42\xa3\x44"
	"\x0e\x16\x0f\xc0\xee\xc7\x30\x42\x38\xc5\x41\xb1\xc2\x22\xdd\xc1"
	"\x69\x0a\xfd\xd6\x28\x02\xa3\xc4\xb4\x1b\xbc\xea\xa5\x8d\x51\x5d"
	"\x2f\x7c\xc1\x60\xa3\xaf\x73\x6a\xbd\x26\xaa\xea\xee\x3d\x61\x3d"
	"\x21\x33\xc0\x9d\xd7\xaa\x3d\x12\xf4\xb0\x16\x19\x93\xb7\x27\xa9"
	"\x30\xbb\x12\x9c\xa4\x00\x13\x85\x83\x5b\x3d\xf8\x00\x0d\x5f\xc1"
	"\xe8\x58\xb7\xbe\x39\xb3\x41\xb2\x8d\x27\x87\x59\xe8\xf7\x16\x0c"
	"\x5f\x82\xd1\xc4\x1f\x1e\x34\x2e\x3d\x4f\x49\x34\xf0\x56\x01\xae"
	"\x30\x1c\x09\xb0\x40\x83\xd9\xd2\x35\x4e\x34\x66\xb1\xa3\xea\x81"
	"\x8e\x8e\xbf\x6f\x0f\xc7\x47\x34\x94\x47\xf2\xe7\xf7\xd2\x8a\x53"
	"\xa8\x42\x4e\xd5\x88\x04\x6b\x8c\xd0\x38\xc5\x54\x04\x5c\xb4\xa4"
	"\x46\x74\x37\x64\x2e\xb0\x92\x88\x36\x07\x60\x8c\x35\xbe\x56\xd7"
	"\x9b\xaa\x3e\xd7\xaf\x83\x79\xfb\x38\xcb\x30\xe3\x19\xd7\x89\xd6"
	"\x84\x9b\x75\xca\x35\x34\x00\xfb\x52\x25\x22\x7a\x18\x3f\xbc\xb6"
	"\x5f\x19\x5d\x17\xf5\x26\xf4\x9e\x11\x19\xa5\xc3\xd5\x93\xbe\x8a"
	"\xad\x2b\xc4\x5a\x91\x74\xf8\xd7\x60\x1c\xe6\x89\x56\x55\xe7\x57"
	"\xbf\xde\x7f\xf9\x4f\xf3\xa4\x04\x96\x62\x78\x3e\x06\x72\x75\xeb"
	"\xd9\xf9\x8f\x1a\xe1\x85\xce\x30\x8d\x48\x8c\x8a\x85\x3c\xa9\xa4"
	"\x43\xa4\x2c\x51\x7a\x68\x38\x6d\xad\x33\x62\x45\x16\x6f\xcc\xf7"
	"\x19\xf8\x16\x41\x35\x06\x11\xe1\x9b\xc4\xb4\x01\x75\x6d\xe8\x00"
	"\x52\x89\xc0\x00\x4e\xd7\x3c\x81\x12\x56\xef\xda\x03\x45\xd6\xc9"
	"\xa0\x0c\x63\xba\x8d\xb3\x8d\xbb\x69\x0f\xde\xde\x85\xfa\x81\x41"
	"\xb1\xc9\x48\x9a\x9a\xe3\x5a\xac\x58\xb1\x64\x01\x26\x52\x03\x8c"
	"\x8e\x2b\xa8\x70\xe2\xc1\xa1\xc0\xdb\xfa\x14\x49\xed\x07\x9f\x20"
	"\x11\xca\x28\x39\x8d\x17\xdc\x3f\x49\xb3\x48\xd9\xe9\x4e\xaa\xd8"
	"\x8f\x9b\x06\xcb\x88\xfd\xdb\x62\x83\xf6\x28\xac\x49\xf7\x65\xa7"
	"\x39\x16\x7c\xe9\x16\xbf\xd1\x53\x40\xb9\x97\x87\xd3\x93\x54\xb9"
	"\xf0\x4e\x4f\x9a\x63\xe1\xb0\x78\x63\xd2\xf9\x49\xbc\x7a\x9d\xef"
	"\xc4\x13\x4c\xba\xc1\xb6\x84\xcc\x7c\x72\xd3\x64\x19\xab\x17\x1b"
	"\xe5\xfd\xeb\x71\xfb\xf9\xa9\x54\xbf\x1f\x32\x52\x0f\x13\x8e\x86"
	"\x7a\xf2\x58\x12\xc6\x98\xa2\x0f\x7b\x66\x9f\x0b\x05\x1f\xdd\xf7"
	"\x26\xaa\xf2\x17\x5d\xce\x46\x49\xa0\x9d\x5c\xbd\x97\x75\xdd\x03"
	"\x9a\xad\xf0\x33\x96\x5a\x05\x0d\x15\x22\x66\xc2\x77\xe6\x61\x33"
	"\x5a\x39\xb6\xfa\xa1\x49\xf9\xbc\x3f\xfc\x34\xb2\x66\x8e\x54\xac"
	"\xb3\x78\xa4\x0d\x63\x56\x95\x23\x31\x49\x72\xe7\x8d\xd5\x16\xa7"
	"\x68\x92\xee\x8f\x0f\x58\x25\xd4\xda\xc7\xd0\x5d\xa5\xea\xa7\x16"
	"\xa4\x83\x1e\x73\xe3\x19\x35\x0d\xe9\x16\xb5\xd6\xe1\xd4\x5e\x25"
	"\x4b\x8f\xa2\xdf\x69\xc7\x70\x49\x78\xe1\x71\x2e\xad\xf1\x55\x43"
	"\x33\x5f\x73\x37\xfc\x23\x30\xef\x53\xa9\xaf\x3a\xac\x6c\x9a\x5b"
	"\x92\xd0\x71\x0a\x1c\xbf\x32\x91\x2e\x6f\x85\x2e\xbd\x90\xcd\x2b"
	"\x87\xb6\xf4\x44\xc4\x27\x2e\x14\x35\xe3\x98\x25\xaa\xf9\xd5\x7c"
	"\x7c\x79\xe6\x56\xe9\xd5\xf0\x43\xc2\xa2\xdc\x96\x3f\x1b\x33\x60"
	"\x18\xf6\x5d\x47\x77\x1c\x2f\xa2\x60\x39\x60\xe5\x8e\x3b\xf0\x0d"
	"\x1e\xbc\xc4\xe7\xc9\x2e\xf9\x8c\x89\x75\x2a\x62\x32\x98\xea\x46"
	"\x1c\x0c\x86\x08\x7c\x39\xd1\xb4\xb8\x4b\x39\x77\x9b\xc6\x77\x5e"
	"\xee\xb2\x65\xee\x44\xdc\xa9\xca\xaa\xcb\xf8\x61\x4d\xd3\xce\xaf"
	"\x1b\xd4\xc4\xbd\x4c\x61\xbb\x8e\xf5\x6b\xa2\x81\x5c\x62\x1d\x75"
	"\x53\x2f\x08\xe0\xea\x06\x31\x26\x9d\x77\xd7\x21\xcd\x32\x3b\x0a"
	"\xa4\x5e\xa2\xba\x7f\x42\x41\x05\xef\x90\xa4\x0e\x1e\x38\x7f\x04"
	"\x42\xff\x76\x42\x46\xfd\x88\xb0\xd8\x71\x03\xa6\x92\x6a\x87\xde"
	"\x3c\x9e\x61\x46\xf0\xe7\x3b\xea\x78\x4c\x6b\x22\xd2\x0c\xa3\x11"
	"\xea\xe7\x16\x9c\x83\x5a\xe0\x73\x64\x30\x3f\x97\x31\xc9\x56\x6f"
	"\xc7\x50\xa0\xdf\xbc\x7e\x12\x82\x33\xe9\x94\x20\xbc\x85\x57\x39"
	"\xf2\xaa\x22\xc2\x7a\x76\xdc\x53\xc5\x00\x03\xdb\x07\x33\xea\x42"
	"\x54\x05\x9b\xc6\x23\x65\x58\xbb\xcc\x0a\xe8\x22\x90\xd6\x30\xa5"
	"\x2d\x93\xf2\x88\xb5\xc5\x98\xe2\xeb\xa9\x49\x38\xe1\x2b\xda\x29"
	"\x2d\x43\x48\x11\x30\xe2\xda\x14\xb0\xc4\x6e\xac\x77\x8b\xf0\xdd"
	"\xa3\x6d\xcf\x5e\xe4\xba\x04\x6e\xc2\xcc\xd8\x4d\xfc\x52\x2f\x72"
	"\x3a\xa0\xea\x39\xad\x09\x6a\x32\x53\x1d\xb8\xc8\x3d\x0c\x05\x33"
	"\xff\xd6\x1c\x9a\x42\x55\xaf\xf4\x06\x46\xa1\xa4\x81\x09\xa9\x2b"
	"\xa8\xac\xae\x52\xbb\x08\x0f\x57\x75\x45\x2d\xfe\x15\xc8\xd5\x45"
	"\x3b\x86\x20\x55\x8f\xd6\xa9\x74\x2d\x04\xb3\xb6\x9b\xa5\xba\x8e"
	"\xc3\xfe\xdd\x18\x80\xd6\x2e\x4d\x01\x2e\x80\xec\x18\xd1\x18\xd2"
	"\xf4\xd0\xf9\xa5\x7d\xc9\xee\xf0\xc5\xfa\x10\xa5\x22\x44\x87\x83"
	"\x62\x5b\xd1\x90\x81\x9f\x31\x68\xc8\xc0\x95\xf7\xb8\xa0\xee\x7e"
	"\x34\x09\x1c\x57\x21\xcc\x8a\x4b\xc0\xa4\x49\xda\xfd\x2e\x82\xa5"
	"\xdf\x07\xe2\xdd\x95\x76\x06\x88\xf0\x8c\x64\x2e\xcd\xab\x8e\x40"
	"\xca\x3a\x3b\xc5\xd2\x05\xda\x25\x34\xce\x6f\xba\x08\x7c\x83\x9f"
	"\xd8\xb6\x40\xd3\x62\x60\xf1\xaa\x59\x75\x7e\x70\xa4\xc1\x38\x40"
	"\x8e\x05\x37\x66\xc3\x62\x01\xd7\xf9\xc4\x05\x9c\xda\xbf\x0e\x00"
	"\xd6\x37\xe7\x2b\xe6\xac\xb2\xd6\xa3\x5e\x4b\x66\xcf\x30\x0f\x86"
	"\xa6\x18\x72\xf7\x1b\x99\x0a\xd7\xae\xcd\x90\xa8\x16\x64\x69\xfe"
	"\xca\x00\xea\x19\x61\x6f\x55\x05\x2b\x78\x18\x0e\x84\x8a\x98\x1e"
	"\xb6\x7d\xb8\x14\x50\x1d\xbb\x66\xe4\x26\xc6\x09\xd4\xa7\x1b\xdf"
	"\xb9\xe9\x0b\xde\x7e\x57\xd8\xa1\x38\xcd\xc0\xa3\xb4\xdb\x16\x35"
	"\x5a\x77\x14\x7e\xea\x02\xe3\x7a\x57\x60\x7b\x1d\x32\xb2\x19\x52"
	"\xa2\x4d\x17\x20\xa2\x98\x19\x30\xf2\x4f\xd8\x0b\xfc\x73\xd1\x1c"
	"\x7a\x07\xca\x33\xc3\xd7\x0d\xd4\xff\x2f\x65\xd7\xd6\xdc\x48\xaa"
	"\xa4\xff\x8a\xc2\x0f\x13\xbb\x11\x13\x7b\x74\xb1\x4a\xf2\x89\xe8"
	"\x87\xba\x50\x52\x8d\xeb\xe6\x02\x49\x56\xbf\x54\x68\x6c\xcd\xb4"
	"\xe2\xd8\x56\xaf\xa5\xee\x99\xd9\x5f\xbf\x24\xd4\x05\x28\xa0\x4a"
	"\x4f\xb6\xc8\x8f\x4b\x41\x02\x99\x09\x64\x6e\xf4\xe9\x3b\x5a\xc5"
	"\x2e\xcb\x82\xd6\x7b\x4d\x43\x5a\xd3\xff\x68\x72\xbb\x5c\x37\x04"
	"\x4c\xff\xd5\xaf\xe8\x0d\x64\xef\xc5\xae\x1d\xb2\xa5\x4a\x19\xb6"
	"\x43\xd2\xad\x9d\x0e\x1a\x2e\xcc\x20\x3b\x2a\xce\xfb\x1a\x92\x66"
	"\x76\xc4\x1e\xb9\x6b\x3b\x22\x8a\xe9\x26\x9c\x45\x3d\xdf\x13\xf8"
	"\xbd\x1d\xe7\x07\x2b\x3b\xc0\xf3\x0a\x8b\xcc\xcc\x07\xb9\x63\xba"
	"\x61\xa3\x6f\x35\x0b\x15\x4a\x27\x28\xe4\xba\xfa\x2f\x77\xbf\x9f"
	"\x5e\xee\xe4\x66\x25\xc1\x5c\x31\xcd\x36\x0b\xd7\xd6\x11\x97\xb1"
	"\xad\x53\xed\x51\xec\x01\xbd\x8e\xc2\xdc\x21\x2a\x04\xee\xc8\x03"
	"\x76\xe1\x32\x70\x03\x79\x7e\x39\x9d\x45\xc7\xd1\xad\x3a\xce\x80"
	"\x65\xc7\xe9\xae\x3b\x50\x7b\x12\xe5\x8e\xbc\xdf\xd0\xc4\x28\x76"
	"\x8d\xa5\x18\x17\x2a\xc7\x90\xda\xbb\x54\x39\x3d\x6b\x95\x63\x5d"
	"\xac\x44\x2a\xeb\xe3\xca\x31\x8a\xa2\xa7\xb1\xef\x92\xb6\x0b\x96"
	"\x82\x23\xd2\x4d\x29\x1d\xc9\xa1\x0c\xa4\xa6\x01\x55\xcd\xa9\x72"
	"\x19\x20\xb2\xcf\x91\x42\xec\x6e\x38\x2c\xd9\xb4\xa5\x42\xaf\x9b"
	"\x37\x48\x68\xc2\xc6\x03\x1b\xbd\x9a\xdc\xec\xb7\x72\x35\xfa\x3d"
	"\xd7\x54\xb3\x6e\xa7\xe5\x95\xa2\x95\x53\xc6\x3b\xfe\x2d\x06\x21"
	"\xa8\x86\x51\x1d\xc1\x37\x6d\xa6\xa6\x3b\x1a\x94\x04\x0e\x44\xe1"
	"\x2c\x1a\x34\x0c\x65\x7b\x66\x24\xaa\x4b\xf3\xdb\x9a\xc4\x4d\x72"
	"\xbd\x56\x44\xa1\xea\x21\x76\x93\xa4\xd9\x34\xbc\x22\x0a\x56\x48"
	"\xca\x55\xb9\x82\xfd\x3c\x82\x62\xf0\xc7\x09\xde\x21\x76\xdc\xc5"
	"\x76\x4a\xd6\xa9\x19\x15\xa9\xd2\x4f\x74\xa4\xd0\x4d\x22\xaa\x2f"
	"\xf2\x46\x58\x00\x54\xb6\x53\xba\x43\x2e\xdb\xe4\x08\xaf\x0b\x64"
	"\x56\x53\x4b\x2b\xc1\xed\x9a\xbd\xaa\x0c\xeb\xdc\x55\xa5\xe0\x00"
	"\x27\x4d\x99\xba\x2a\xe5\x0f\x99\x23\x37\x9a\x39\x40\x5b\x6b\x0b"
	"\x21\x7b\xed\xbe\x50\x53\x68\x59\xf1\x84\x8e\xa4\xe3\x18\x91\x0e"
	"\x27\x45\xb8\xa7\xd1\x4c\x9d\x16\x9f\x33\x49\xc4\xae\x23\x12\x89"
	"\x0c\x3c\x49\xe7\x98\x9e\xe3\x55\x20\x63\xde\x7e\x28\x9b\x26\xa6"
	"\x56\x13\x7e\x97\x91\xee\xa7\xa2\x8a\x20\x52\x56\xe2\xc3\x2b\x91"
	"\x80\x7d\x62\xc8\x42\x45\xb5\x38\x22\xc8\xd0\x05\x2e\x5c\xb6\x75"
	"\x0d\xc4\x50\x2d\xb3\xa1\xac\x67\xd3\x99\x81\x14\x15\xbe\x81\xa2"
	"\xf1\x0f\x2a\xd1\x29\xd7\x78\x51\xa6\x7a\x2f\x93\x79\x22\x4d\xf2"
	"\xde\x21\xcf\x8d\xcd\xc6\xae\x7c\x79\x44\x26\x46\xbd\x45\x93\xb0"
	"\xdb\xcb\xed\x42\x60\x99\x5e\xab\x78\x43\x75\x29\xa2\x2f\x3f\x75"
	"\xe5\x1e\x49\x99\xf9\x03\x49\x9e\x8b\xaa\x64\x03\x7f\xb4\x24\xdd"
	"\x68\xb7\xd4\x0e\x97\x00\x49\xc3\x02\x90\x1c\x6a\xa0\xea\xd8\x42"
	"\x1a\xd1\x01\xe1\x8d\x5b\x81\x64\xcf\x78\x94\x64\xdc\xa3\xda\x1e"
	"\x7b\x6e\xb6\x46\xb6\x62\x3f\x33\x4b\xfe\x65\xf4\x72\x7e\xff\xfd"
	"\xf4\x71\x7c\x1d\xbd\x9f\xe1\xb8\xf1\xa2\x5b\xad\x9f\x89\xba\x9c"
	"\x88\x24\x18\xc5\x8a\x2c\x95\x7c\x3d\x7c\xfe\x79\xbc\x4a\xe7\xaa"
	"\x52\x3e\xe2\x16\x2b\xd0\x02\xc1\x37\xb2\x69\xf3\xeb\xa0\xd9\xdd"
	"\x67\xbc\x49\x7a\x3e\xb5\x81\x33\xdb\x41\xb8\x37\x34\xbd\x46\xb5"
	"\x5f\xd0\x83\x6a\x97\x4e\x1b\x90\xe8\x79\xb6\x45\x04\xd8\xcf\x07"
	"\x7e\xc1\x3a\xee\x2b\xcc\x64\x60\xd4\x61\xc1\x52\xca\xdc\xa2\xf5"
	"\x15\x1a\x1b\x4e\x85\xb5\xd8\x6c\x35\xb0\x7a\x4b\xdf\xc9\x73\x55"
	"\x93\x37\x05\xf7\x77\x79\x0f\x26\xe4\xfb\xb1\x15\x52\xef\xe9\xd6"
	"\x6f\x4a\x33\xb6\x30\x0d\xee\x03\x30\xd9\xe9\xfd\xa8\x6b\xd1\xba"
	"\x59\xac\xc1\xd1\x32\x07\x96\x08\xb7\x68\x9f\x7b\xd8\x5c\xf1\x48"
	"\xa8\x83\x0c\xe2\x6f\xaa\xc3\x25\x18\xf7\xb6\xdd\xcf\xa9\xe6\x00"
	"\xd7\xa8\xba\x3e\x34\xea\x25\xe2\xfd\x70\x7d\xf9\x76\x34\x2f\x11"
	"\x09\xb8\x51\x67\xc7\x39\xa0\x25\xf4\x75\x05\x47\x2b\x2e\x40\x35"
	"\x88\xae\x2b\x57\x2b\x3a\xde\x60\xa2\x7d\x6d\xa1\x03\x67\x89\xec"
	"\x22\x4e\x8b\x49\x53\x6f\x4f\x10\xee\x6b\x26\xc5\x59\x84\x7f\x2d"
	"\x9c\x3d\xaa\xec\xab\xdc\x32\xc2\x2d\xa8\x2b\x9a\x6a\x70\xf9\x66"
	"\x68\x2f\xc2\xce\x3a\x18\x8b\xb6\x37\x8d\xd0\x90\xd5\x94\x23\x91"
	"\x9f\x5a\x3f\x9c\x9b\x02\xcc\x74\x78\xc2\xd0\xdf\xc7\x6b\x14\xe7"
	"\x7a\x85\xaa\x85\xc4\x3d\x5d\xcb\x6d\x0b\xc3\xbe\x2a\xca\x0b\x37"
	"\x5d\x21\x6b\x85\xf1\x94\xd8\x3f\x2d\x46\xe9\x8a\xac\xed\x90\xde"
	"\x2f\xa7\x6a\x6c\x0f\xbd\x87\xf3\xb8\xd2\x9d\x15\xa4\xa7\x7b\xd2"
	"\x50\x55\xe1\x6c\x68\x83\x0e\xa6\x01\xca\x37\x72\x34\x88\xe6\x5c"
	"\xc8\x02\x59\xef\x31\x65\x61\x3b\xe6\x91\xc8\x76\x0f\x0d\xe6\x69"
	"\x93\x49\x2e\x89\x0d\x88\xe9\x00\x88\x59\x4d\x6d\x80\x03\x37\xb0"
	"\x0a\x8c\xdc\x38\xb1\xd6\x4b\x77\xb7\xbe\x75\x50\x91\x99\x35\x80"
	"\xac\x3a\x4c\xb4\x40\x88\x4b\x50\x2f\x82\x19\x03\x7b\x50\x85\x74"
	"\x55\x5c\x03\x69\x76\x3d\x0b\x44\xba\xd6\xac\x01\x6c\x66\x8a\x9d"
	"\x08\x1e\x8d\x98\x0e\xc8\xb6\xdd\x77\x3f\x51\xfe\xef\x01\x56\x96"
	"\x10\xac\xb0\x85\xcb\x0c\x4c\xf7\x92\x06\xc1\x7b\xb4\x9b\xce\xa5"
	"\x87\x3a\x5d\x54\x2c\x02\xb8\x25\x48\x93\x4d\x0a\x38\x58\x2b\x94"
	"\xa3\x34\x95\xac\x66\x6f\xa9\x05\xfa\x0d\x2e\xd5\x74\x9a\xc3\x34"
	"\x22\x5d\x62\xe2\x62\x2a\xbd\x15\x2e\x3c\x2b\xd4\xd1\xf5\xba\x3c"
	"\xa3\xe4\x1a\x65\x4a\x56\xb6\x69\x97\xd3\xf4\x28\xd7\x9c\xb1\xa5"
	"\x61\x2d\x8a\xac\xf5\xe9\x7c\x63\x11\x47\xaf\x21\x15\x39\xe7\x02"
	"\xfd\x69\x60\x03\x23\xa2\x83\x69\x4e\x50\x0d\x73\x3c\xb5\x11\x21"
	"\x7f\x53\x04\x48\x89\x8c\xf7\x29\x1b\x53\x63\xad\x92\xbc\x2d\x65"
	"\x6d\x3b\xd9\x00\x50\x25\x71\xa5\x5d\x8d\x68\xab\x7c\x65\xba\x8a"
	"\x91\xb1\xbd\x95\x94\x65\x70\x8b\x27\x41\x69\x5f\xf7\x83\x68\x77"
	"\x1a\x3f\xbd\x70\x77\x6a\xeb\xa8\xdc\xbb\x81\x1b\xd4\x6a\x3a\x65"
	"\x6d\x3d\x3b\xb8\xf5\xb0\x6a\x08\xed\xb7\x56\x93\xf6\xa7\x33\x6c"
	"\xda\xb6\xd3\xd3\x31\x4c\x4f\x47\x3f\x3d\x9d\xbe\xf9\xe5\x68\x8c"
	"\x8c\xe6\x7c\xd5\xfc\x93\xce\x62\x1c\x65\x72\x08\xdd\xee\x88\xf3"
	"\xc3\x30\x34\x02\x06\x6d\x22\xe7\x5e\x3b\x38\x02\x08\xd6\x2f\x63"
	"\x2d\xa0\x57\xf4\xd7\xb3\x8e\xfb\x2a\x81\x6f\xe4\x97\x0b\x8d\x55"
	"\x25\xeb\xbe\x42\x04\x46\xd0\x17\x51\x90\xfe\xb6\xe2\xc2\x52\x8f"
	"\x68\x09\x90\x29\x5d\x16\x74\x7a\x96\x08\x67\xe8\x1a\xe1\x48\x93"
	"\x56\x4e\xe6\x13\x48\x2d\xb5\x9e\x43\xb6\xaf\x4d\x5d\x83\xa9\xae"
	"\xdd\xb1\x24\x56\xad\xcf\x1b\xc2\x12\x79\x5d\x1b\x57\x0b\xd3\xac"
	"\xb1\xe2\xba\xa0\x6a\x1f\xc2\xfe\xeb\xcb\xd7\x43\xe0\x77\x19\x78"
	"\xab\x32\xf3\x7e\xf3\x53\x6d\x9c\x19\x86\xa8\xcf\x49\xd9\x7d\x0a"
	"\x76\x7e\x03\xc7\x9a\xdd\x92\x34\x38\x78\xf0\xad\x77\x38\x6d\xca"
	"\xa1\x06\x3f\x12\xf1\x7d\x2d\xb0\xd5\x2c\xde\x1f\xe0\x95\x2b\x37"
	"\x0f\x8a\x40\x67\x53\xa4\x12\xba\x78\x33\x00\x5e\x52\x32\x77\x0a"
	"\x60\x23\x55\xd2\xd5\x02\x5d\xa2\xb3\xdc\x55\xca\x49\xfb\xf4\x90"
	"\xfe\x2e\xb7\x33\xdd\x27\x8b\xbb\x78\x73\x0e\xa4\xb2\x4b\xb4\x4a"
	"\xe8\xc8\xc2\xf3\x03\xfd\xa1\x17\x7f\x86\xca\xec\x70\xae\x7a\xad"
	"\x85\x26\x69\x07\x67\x1b\xbb\x69\xb9\x1c\x4f\x27\x4f\x86\x63\x71"
	"\x3f\x45\xda\x30\x7a\xb1\x74\xc0\x4e\x7f\x1a\x3c\x9e\x12\xd7\xf0"
	"\x72\xfc\x79\xaa\x77\x65\x1b\xbb\xb9\xfe\x5d\x50\xbe\xce\x52\x83"
	"\x58\xe9\xc4\xd9\x2e\x77\x0d\xfb\x27\x42\x08\x3e\x70\x7e\x6f\xb8"
	"\x1e\x54\x87\xab\x61\xbb\xda\xd3\x8f\xe3\x8f\xe3\xe9\xe3\xcf\x7f"
	"\x55\x0f\x55\xf8\xe3\x34\xa9\x2b\x31\x98\x08\xbc\x27\x73\x69\xe5"
	"\x9a\x78\x6a\xff\xb3\xe4\x10\x1b\x8f\x43\x19\x20\x2f\xa2\xcc\x0a"
	"\x60\x7a\xe4\x93\x15\x52\x98\x2d\x9c\x8c\x8e\x43\xaf\x87\x6e\x2f"
	"\x9f\xa0\xa7\xd8\x0e\xf0\x42\x2b\xdd\xf7\xb0\x95\x4e\xd5\x0b\x2b"
	"\x7d\xd5\xf7\x85\x01\x56\x2d\xc7\x1d\x08\xfd\x8b\x12\x7b\x21\x45"
	"\x61\x1f\x89\xa7\xde\xc1\xc2\x8f\x5e\x2f\xc6\x5f\x67\x8f\xc8\x8a"
	"\x78\xea\x19\x0f\x1f\xee\xec\x5b\x11\xe1\xd3\x00\x90\xef\xf6\xb4"
	"\xa3\xa7\x19\xeb\xb5\x7d\xd4\xf2\x08\x59\x26\x4c\x7b\x6e\xde\xcd"
	"\x18\x1b\xc2\x33\x34\x23\xd5\x0d\x8a\xc0\x67\xec\xdb\xe1\x72\x39"
	"\xfd\x71\x7a\xe9\x9e\xd6\x53\xb1\xbc\x53\x17\x4d\x82\xb7\xa2\x91"
	"\x79\x86\x02\x82\xf8\x51\x1a\xa0\x67\x2b\x86\xdd\xb3\x30\x2d\x36"
	"\x00\x08\x77\xf2\x65\x44\x48\x53\x54\xe8\x2a\xa9\x13\x16\xaa\x03"
	"\xb0\xb2\x3a\x6b\x0d\xde\xe6\xbd\x00\xc7\xd6\xda\x38\xdb\xe9\x3a"
	"\xcb\x18\x39\xac\xe9\xcd\x8e\xc5\xba\x29\x0f\x15\xd6\x26\x31\xe1"
	"\xd1\x8d\x0d\x16\xe2\x12\x25\x72\x18\xd2\x36\xad\x7a\x50\x2d\x86"
	"\x83\x15\x88\x7e\x62\xee\x89\x0a\xc2\x2c\xd8\xd6\x6a\xd5\x91\x12"
	"\x28\x09\x22\x6e\x5f\x05\xe0\x0b\xa0\x0f\x43\xd5\x11\x4b\xb7\xba"
	"\xbe\x6c\x3b\x82\x04\x6e\xbf\x53\x4f\x7f\x18\x05\x5e\xac\x1b\x4a"
	"\x03\x72\x12\xc1\x7b\x04\x5d\x46\xec\x26\x79\x8c\x2c\x59\x95\xb7"
	"\x49\x75\x72\xea\x9a\x3f\x90\x35\x15\x59\x0e\x46\x79\xcd\x91\x65"
	"\xa0\x18\xe0\xd1\xeb\x2d\xc4\x57\x4e\x53\x3b\x00\x90\x7c\xac\x00"
	"\xca\xbf\xf6\x1a\xaa\x33\x87\xbe\xa6\x26\x59\x60\x85\x44\x21\xb2"
	"\xd2\xf9\x55\x2b\xb8\x44\x6f\xe1\x8a\x48\xf4\xa7\xd9\xac\xd9\x51"
	"\x28\x39\x27\x0d\x7c\xfd\xde\x1f\xa4\xf0\x7e\x04\x67\x10\xf9\x58"
	"\xaf\x88\x50\x01\xd7\x65\xaf\x86\xb5\xe4\x2c\x47\xe9\x16\xef\x22"
	"\xca\xbc\xba\x18\x3c\xd5\xd5\x7e\xc1\xf7\x41\x95\xa2\xdc\x14\xe6"
	"\x8f\x85\x75\x78\x99\xa0\xf1\xf2\x57\xdf\x9b\x30\xbe\xb1\xa0\xbc"
	"\x6c\x16\x3b\x52\xac\xd7\xef\xd7\xd8\x22\x04\xb0\xcf\x55\xae\x33"
	"\x49\x88\x78\x06\x36\x27\x30\x94\xda\x50\xa9\xaf\x0d\x3f\x51\x88"
	"\xd1\x22\x8b\x90\xc5\x46\x15\x2f\x3c\x3e\xe7\x58\x13\x11\x10\x0a"
	"\x34\xca\x1c\x02\xa6\x7a\x7b\x60\xe0\xa7\x02\xc2\x72\xe2\x7d\x29"
	"\x07\x22\xf3\x9e\xba\x51\xba\x24\x25\x05\xa2\x79\x91\x02\xb9\x89"
	"\xe6\x19\xbd\x78\x89\x3e\x86\x50\xce\xd5\x99\x8b\xf8\xf2\x66\x74"
	"\x3d\x5e\xae\x1a\x79\x3b\x7f\x24\xa6\x20\xb3\x4c\xb3\x29\xb2\xbc"
	"\xa4\xec\x10\x91\x4c\x3f\x5a\x6b\x37\x29\xdc\xc0\xd4\x29\x5a\x7f"
	"\xe7\x9e\xf8\x92\x1d\x42\x3b\xa1\x40\x32\x84\xd0\xb4\x22\x04\x2e"
	"\xd4\xcf\x16\x9a\x23\x45\xb9\x89\xb6\x8e\x82\x5c\x5b\x27\xe5\x37"
	"\xa9\x5a\xd9\xae\xc8\x12\x0c\x01\x2e\x3d\x38\xe2\x8e\x43\x35\xe4"
	"\x39\xf7\xee\xfb\xf6\xe3\x78\x3d\x9f\xaf\xdf\x46\xaf\xc7\x9f\xa7"
	"\x97\xa3\xce\x81\x21\xd4\xed\x47\x1e\xd9\x60\xcf\xd8\x6a\xa0\x63"
	"\x53\x37\x72\xc0\xc6\x35\x18\x85\xaa\xfc\x7e\x32\x1d\xcf\x9e\x6d"
	"\x88\xdc\x9d\x8c\xad\x80\xd0\xde\xc4\xed\xda\x8f\x4c\xe4\xa4\xd8"
	"\xc6\x46\x1a\x79\x34\x36\xde\x0d\xe9\x8c\x28\x0c\x31\xdb\x29\xf1"
	"\x51\xeb\x69\x0d\x1e\x1c\x15\x1b\xc9\xc4\xba\x8b\x0a\x14\x4b\xd7"
	"\x43\xeb\x94\x92\x47\x05\xaa\x53\x11\xbb\x7e\x24\x9a\xfb\x59\x92"
	"\x1c\x70\x97\x25\xe1\x7c\xdf\x01\x45\xc2\x19\x9d\x1f\xae\x40\xf7"
	"\x9d\x48\x6b\x65\xcc\x92\x4a\xe0\x16\xb8\x0e\xad\x9f\x17\x55\x46"
	"\x58\xbb\x50\x4c\x17\xf8\xa2\xdc\xb9\x45\x4a\x05\x75\x6c\xc7\xfb"
	"\x08\xfc\x89\x55\x01\xc1\xca\x2c\xdd\xe8\x4c\x2d\x0d\x1a\xdc\x86"
	"\xd0\x3e\x60\x51\x0e\xe1\xe9\x16\x5a\x05\x5e\xb7\xf5\xcc\x03\x40"
	"\xed\xf1\x06\x20\xb0\x19\xca\xeb\x5f\xdb\x5c\x6e\x67\xca\xfb\x9a"
	"\x59\x04\x6e\xfd\x4c\xd1\x8e\xdc\x29\x12\x5b\x1b\x91\xa7\xd3\xb3"
	"\x75\x5a\x59\xf8\xf0\x60\x17\x56\xc3\xd8\x92\x15\x60\xb5\x53\xe6"
	"\xbb\xbb\x2a\x78\xf1\xf9\xfd\x38\xfa\xeb\xf4\x79\x7c\x3b\x5e\x2e"
	"\xf5\x54\x1d\x81\x13\x52\x9a\x36\x3a\x8c\x3e\x0f\xd7\xe3\xe8\xe5"
	"\xfc\x71\xfd\x3c\xbf\x8d\x0e\x6f\x7f\x9e\x3f\x4f\xd7\x6f\xef\xe2"
	"\x5c\x6e\x4a\x4f\x90\x61\x5b\x6b\x10\xc6\xf5\x44\x2c\x03\xd7\x0f"
	"\x50\x4d\x0e\x54\x1a\x30\x0f\x85\x00\x2e\x8d\x6d\x1f\x4d\x45\x74"
	"\x76\xe1\x80\xf9\xc6\x67\x7e\xff\x05\x6f\xd9\xbb\x88\xa6\xea\xb6"
	"\xc3\xf0\x31\x12\x37\x23\xfe\x9b\x7d\x80\x64\xd8\xe3\xc9\x51\x9a"
	"\x1b\xae\xe1\x56\x00\x70\xa3\x60\xdc\x50\x1e\x72\xc3\x4e\x11\x19"
	"\x54\x31\x94\xc3\x25\x02\x83\x59\x25\xd4\xaf\x1b\x79\x57\xbc\x96"
	"\x5f\xda\x19\x84\x42\xdd\xcd\xfb\x5a\x8a\xc3\x84\x87\x54\x10\x9c"
	"\x20\x14\x19\x6d\x5e\xdc\xd5\x76\xe9\xac\x06\x79\x49\x3b\x4e\x7b"
	"\x36\xdd\x2a\x84\xe4\x0d\xc0\x8d\xe2\x6c\xab\xdd\xd8\xb9\x23\xc5"
	"\x56\x2a\x60\x0c\x19\xf0\xfd\x46\xeb\x08\xd6\x4d\x3c\xb7\x71\x0c"
	"\x05\x6e\x1f\x4f\x2f\x15\x70\x94\x35\xaf\x6f\xdb\xf7\xb3\xfc\xd9"
	"\x35\xbf\x81\x62\x30\x54\x6e\x49\x92\x87\x58\x6b\x5c\x85\xfb\xaa"
	"\xb1\xe4\x90\x2e\x2f\x78\x89\x8d\x9f\x56\x16\xfc\xbc\x6e\x50\xe3"
	"\xc3\xf6\xed\x7c\x78\x65\xbe\x55\xeb\x1e\xd8\x31\xdf\x50\xe2\xd9"
	"\x04\x78\x2b\x70\x9b\x72\x24\x6f\xf9\x0d\x9a\x7b\x1e\xb4\xb4\x3e"
	"\xdc\x95\xe6\x27\xf5\xf0\x28\x7d\xc7\x3c\x19\xd5\x0e\x1e\x0c\x3d"
	"\x00\xb3\x8f\xbb\x36\xd7\xbe\x60\x62\x64\xb4\x2d\x90\x26\x94\x26"
	"\xec\x05\x55\x5e\xba\xc2\x26\x99\xc1\x55\x35\x83\xb9\x2c\xa6\x6a"
	"\x05\x66\x5e\x2e\x2d\x4f\xe1\x99\x6b\xbb\x0d\xc9\x18\x4e\x13\xdd"
	"\x8f\x92\xb7\x9b\x98\xfe\x70\xbd\x28\x8e\x48\x24\xee\x97\x95\x6f"
	"\x10\xd1\x9b\xd8\x4a\x3a\xa1\xad\xfc\xb2\x44\x62\xc0\xfa\x2a\x0d"
	"\x8b\xbe\x25\xab\xb4\x24\x11\x03\xe1\xd6\x99\x0b\xc1\xe3\x24\xf8"
	"\xdb\x64\xd1\x4a\x02\x08\x3a\x1f\xca\xa7\x5f\x40\x0c\x11\x84\x5c"
	"\x65\x37\x0e\x75\x7d\x0c\xee\x3a\x13\xb7\xe5\xff\x3f\x0e\x3f\xde"
	"\xae\x6c\xb9\x3e\xfd\xf9\xe3\xfc\xe3\x32\x7a\xe7\x2e\x39\x28\x6f"
	"\x1d\x46\x97\xd3\xff\x1d\xff\x2d\xc6\x5b\x70\xd9\x72\x58\x26\xfc"
	"\x16\x5d\x1b\x32\xb2\xa1\x60\x08\x5a\xd8\xb9\x63\x27\x91\xe1\xfd"
	"\x3e\x65\x6c\xa3\xf7\x06\xa9\x28\x83\x8b\x63\x19\xa4\x5d\x8f\x99"
	"\x7f\x06\xf0\x68\xc9\xae\x05\x2e\xd5\x61\xe5\xde\x08\x33\xaa\x40"
	"\x64\xab\x7d\x13\x66\x82\x7e\x3f\x17\x41\x65\xd9\x93\x87\x07\x2c"
	"\x57\x11\xf6\x68\x46\x43\x10\xd4\x08\x56\x4b\x70\x49\xe3\x6d\xf4"
	"\x5b\x56\x1d\x33\xad\xf2\x04\x63\x88\xd4\x4a\x97\x4e\xdf\xa4\x27"
	"\xac\x52\x83\xd3\xb4\x84\x04\x5a\x47\xfc\x02\xd7\x65\x92\xa9\x2b"
	"\x0b\xe1\xc5\x3f\x21\xfa\x8b\x47\x94\x0a\x7e\x55\x88\xe4\x47\x94"
	"\x26\x72\xaf\x11\x5a\xd2\x63\xe6\xfd\x26\x25\xc0\xdd\x51\x49\x92"
	"\xa4\x69\x12\x27\xd3\xdf\xd2\xb3\x79\xfa\x3b\x09\x44\xf6\xcf\xe0"
	"\x1c\x1d\x5c\xa2\x43\x60\x27\x94\x28\xcd\x87\x65\x5e\x89\xa7\x2e"
	"\x7a\x11\x53\xa5\x26\xd9\xe3\x9a\xce\xdf\x5b\xba\xa1\xdb\xae\xe2"
	"\x44\xb8\xf6\xbb\x51\xb8\x52\xf5\xf0\xbb\xdc\x15\x11\x41\x9e\xde"
	"\xaf\x66\x5d\x66\x2c\xf9\x0b\x13\x53\x99\xbb\x14\xfe\x8c\x48\xf4"
	"\x1f\x52\x43\xb8\xb3\xa6\x58\xf1\xe3\xd5\x81\x05\x85\x67\xf7\x2c"
	"\x97\x7a\x81\xa5\x79\xfc\xb3\xba\x89\x6d\xc3\x34\x34\x26\x10\x2d"
	"\x27\x0f\x82\x05\xd3\xa7\x1a\x6e\x02\x5a\xb0\x1f\x6c\x03\xd3\x21"
	"\x1b\x1b\xb1\x12\x11\xad\x01\x86\x9b\x4f\x14\x3f\xcf\x6d\x2a\xf3"
	"\xe0\x67\xfd\x50\xa5\x23\xb8\xd6\xbe\x4d\xd0\x08\x77\x23\x06\x42"
	"\x7a\x69\x90\x7a\x18\x8d\x1f\xd3\x77\xca\x4b\x4e\x97\x17\xdd\xfa"
	"\xe0\x06\xf3\xe9\xfc\xb9\x0c\xf2\x4c\x2f\xd2\x31\xaf\xfa\xc0\xfc"
	"\xfa\xd3\x3f\x1f\x3f\xcc\xa6\xf8\x7e\xac\x3f\x9b\xa6\xcb\x79\x9c"
	"\xe1\x0d\x68\x20\x74\x2a\x44\xbe\x29\x9a\x5b\x1e\xe0\x07\x2a\xbe"
	"\xba\x06\x23\x52\x84\xe3\xe9\xc3\x78\x3c\xb3\x10\xa7\xfa\x50\x64"
	"\x18\xa5\x38\x2b\x70\x49\x28\x68\x3e\xb7\x63\xbc\xf5\x64\xb1\xb0"
	"\x43\x58\x43\x1f\x0c\x2a\xf4\x3a\xf1\x9d\xd9\x5c\x7f\x4e\x1b\xe0"
	"\x89\xb3\xd4\x93\xc0\x85\x17\xb7\x76\x95\x21\x76\x1f\xee\x97\x63"
	"\xc3\xb9\x2d\x21\x11\xc4\x23\xf7\xf3\x99\x6d\x11\xc6\x94\xcd\x75"
	"\x2e\x53\xa2\x80\xc7\x16\x03\xff\x1c\x92\xef\x14\x91\x60\x09\xd7"
	"\xed\x4f\xd5\x55\x89\xbb\xf7\x42\x54\xf4\x48\x74\xa1\x2d\x39\x85"
	"\x4e\x9e\xa9\xfe\x1a\x60\x4b\x9f\xdb\xe8\xdc\xa9\x9a\x0d\x41\xb7"
	"\x50\x67\xb9\xb0\x16\xf2\x30\xf3\x9f\x1d\x3b\xe0\xf9\xf9\xde\x8a"
	"\x88\x02\x52\x2e\x1f\xd6\x39\xc2\xcf\x9a\x90\x01\x7f\x1f\x2e\xa3"
	"\xe8\xe3\x72\xfd\xfc\xf1\xce\xc2\xad\x5f\xbe\x51\x19\xe4\x75\x74"
	"\xfd\x3c\x7c\x5c\xa0\x63\x46\x6f\xa7\x8f\xe3\xe8\x95\xce\xc1\xd3"
	"\x77\xf8\x57\xec\x28\x12\x95\x98\x58\xd9\x2e\x8e\xf0\x0c\x44\xae"
	"\x7e\x10\x95\xd5\x0c\x42\x2e\xa1\x32\x20\x0c\x72\x1e\x77\xef\x87"
	"\x7e\x5c\x8f\x6f\xa3\x24\xf2\x47\xbf\x50\x55\xf8\x8d\xaa\xc0\xaf"
	"\xc2\x80\x2a\x10\x10\x33\x82\x3a\x26\x02\xd7\xa9\x7d\xaa\xb9\x75"
	"\x93\xb7\x74\xf9\xef\xa6\xb6\x05\xad\xcf\x97\xab\x91\xe8\x1f\x3e"
	"\x5f\x75\xd5\x18\xf1\xe7\xef\x9f\x67\xba\xb2\x5d\xce\x9f\x23\x7c"
	"\x05\x25\x5e\x70\xcb\xf6\x5f\x7e\x86\x93\xff\x16\x14\xa5\xa6\x7d"
	"\x41\x27\xb8\x03\xf2\xd7\x7a\xd5\x15\x9c\xc2\x95\x05\xc1\xcf\xa5"
	"\x62\x22\xab\x7b\x38\xa5\xfb\x48\x14\x34\x16\x12\x8c\x88\xec\x47"
	"\x1a\x7c\x2d\xf5\x82\x60\x31\x00\xe0\x3a\x10\x9f\xf6\x31\x37\x4d"
	"\x40\x7a\x4a\x36\xdd\xb0\xe2\x12\x35\x87\xc5\xf6\x6b\x9c\x5b\x60"
	"\x41\xb1\x2d\x67\x8e\x14\x09\xbe\xae\x36\x23\xd2\xbd\x1b\x48\x02"
	"\xbb\x9d\xb0\x46\x19\x24\xb8\xaa\x68\x9f\xca\x2e\x54\xae\xb1\x5a"
	"\x7e\x1a\x30\xde\x95\x7c\xd9\x33\x5a\xc9\x1a\x28\x14\x36\x2e\xe1"
	"\x16\x0a\x8b\x1f\xa2\x66\x10\xe0\xb4\x7a\x02\x01\x72\xbe\xdc\xbd"
	"\x5f\x21\x4a\xf4\x9d\xec\xbd\x9a\xb0\x27\xc8\xec\x82\xdb\xdd\xf5"
	"\xf7\xe5\xc2\x59\x5e\xbf\x4f\x4a\xe7\xbe\xfc\xfd\xf2\x5d\x54\x2d"
	"\xf3\x95\x5b\x09\x8c\x50\xb5\xd1\x34\x43\x8b\x43\xe0\x2c\x03\xb4"
	"\x5b\x43\x83\x62\xee\x14\xa1\x96\xd2\xf1\xf5\xfc\x49\xf9\xb2\x61"
	"\x6a\xfe\x73\xe4\xbd\x9d\x5f\xfe\x33\x22\x07\xc1\x55\x33\x64\xe6"
	"\xce\x5f\x09\x3b\xc5\x69\xa3\xbf\xfd\x3a\xca\x29\xcf\xff\x3a\xf2"
	"\x0e\xd7\xeb\x91\xaa\x3b\xbf\x8c\xe2\xf3\x5f\x9c\xa4\x64\x07\xe7"
	"\xcc\xac\xcb\x64\x36\xf0\xa9\xdc\xd1\x28\x60\x72\x3a\x4d\x2e\x3d"
	"\x2f\x96\x83\xa6\x09\x34\xc5\xe0\x22\x00\x02\x3f\xd1\x9c\x1c\xd5"
	"\x14\x5b\x70\x6e\x01\xa2\x0f\xfa\x2d\x02\xe6\x72\x93\x9f\x32\xcc"
	"\x9d\xad\x81\xeb\x02\xb5\x62\x5c\xd0\x56\x83\x83\x51\xdf\x58\x31"
	"\x67\xa8\xd6\x87\x71\xf5\x09\x7a\xc9\x1c\x5c\xba\xc6\x9e\x4b\x6a"
	"\x69\xc6\x58\x2a\xc5\xd0\xf5\x76\x5f\x82\x9b\x4f\xa5\x82\xde\x3c"
	"\xad\x8a\x39\x3c\x2f\x58\x30\x9a\xfc\x43\x33\x05\xfb\xd4\x65\x5f"
	"\x94\xb9\x01\x7c\xb9\x2d\xa3\xd8\x63\x24\xcf\x02\x79\x10\xd8\x6b"
	"\x09\x5f\xc7\x69\x54\x4f\x0b\xf7\x3a\x02\xe5\xb0\xda\xa3\x36\x6d"
	"\x05\x6a\xa7\xab\x3c\x3a\x79\x62\x68\x85\x10\xc7\x4c\x8e\x5c\xc5"
	"\x9c\x84\x93\x0c\x7c\x79\x4e\xcd\xfd\x95\x97\x59\x9e\x1b\xc9\x78"
	"\x67\xac\x37\xf7\x3a\x33\x03\x3d\x13\x88\xbd\x17\x43\x94\x16\x2a"
	"\x7a\xd3\x2e\xdc\xe7\x60\xe0\x83\xa8\x0b\xfa\x2a\xc2\x00\x78\x79"
	"\xb6\x18\x53\x96\xda\x58\x21\x8e\x05\x52\x93\x23\xdf\x46\x8f\x83"
	"\xcc\x48\x7e\x58\x74\xb2\x73\x5d\xe1\xc7\xdb\xf5\x94\x1c\x5f\x4f"
	"\x87\x5f\x47\xc1\xe9\xf2\xfd\xed\xf0\xcf\xaf\x74\x4b\x7e\x3f\x7e"
	"\x1e\xe4\x05\x26\x88\x70\x2e\x2c\xb9\x77\x12\x53\x20\x9f\x3b\xb1"
	"\x2d\xc1\x9f\x9b\x7e\x3f\x02\xcf\xc0\xcc\x7b\x1d\x78\x59\x6a\x00"
	"\xf2\x50\xd1\x89\x0f\x6f\xa3\x22\x9f\xf6\x30\x65\x4d\x7e\xf0\xb1"
	"\xde\xe9\xac\x26\x1b\x4c\xb2\xa4\x3e\xc9\x88\x92\x15\x17\x8d\xbe"
	"\xdc\x9d\x7f\x2e\x97\x73\xa7\xfc\xdf\xeb\xf1\xe5\x5b\xf9\x7e\x38"
	"\x7d\x94\xef\xa7\xef\xa7\xf2\xf3\xf0\xd7\xe8\xcf\x97\xf9\x78\x36"
	"\x2f\xc1\x2f\xe1\x4b\xf9\xc7\xe7\xf9\xe3\xda\xd2\x2e\xf3\xff\xdc"
	"\x7f\x5b\xfc\xf3\x77\x45\x95\x33\x9e\x7f\xce\x9d\xc5\xbc\x04\x0f"
	"\xfb\xef\x4a\x46\xa9\x1b\x58\x17\xc0\x05\xb1\xda\xa6\xa7\x7a\x5f"
	"\xac\x9d\xf0\x77\x3b\xa8\x26\x29\x33\xc7\x17\xf4\x5e\xf9\x93\x81"
	"\x74\xf7\xed\xef\xe5\x6c\x32\x9e\x7e\x2f\xff\xf8\xf6\x5a\xbe\x1d"
	"\x3f\xce\x3f\xcf\xe5\xfb\x64\x3c\x32\xa4\x97\xf7\xe3\xf1\xc7\xe9"
	"\x3a\xfa\xb8\xce\x9c\xf9\x74\x76\x1b\x75\x36\x03\xea\x5d\x77\xc4"
	"\xa8\x56\x1b\x31\x4b\x1e\x42\x3a\x61\x40\x64\x93\x7d\xaa\x48\x3a"
	"\xa1\xa7\xf2\x00\xeb\xc3\x67\xd3\x06\xab\x63\x90\x2f\x77\x63\x69"
	"\x14\x8a\x6c\xc3\xdc\x43\xd3\x6e\x2a\xba\x3d\x0d\x45\xac\x51\xb4"
	"\x5a\x53\xa9\x60\xf2\x30\x6d\xb3\x02\x61\x47\x25\xff\x35\x4d\x9f"
	"\x8e\xdb\xf4\xaa\xdb\x81\xfc\x2c\x56\x25\xa4\xef\xd5\x26\x84\x5e"
	"\x5d\x71\xe9\x62\x0c\xc7\x78\x94\x8f\xa9\xb0\xa4\x72\x84\x4b\x3f"
	"\xc3\x30\x17\xb2\xc0\x2a\x59\xe1\x08\xee\xdd\x43\x90\x5e\xca\x0b"
	"\xd9\x86\x98\x4e\x69\x58\x51\xdc\x02\x05\xe2\x0b\x73\x69\xde\x23"
	"\xb0\x41\x7c\xbf\x4d\x02\x06\x69\xf0\x50\x4f\x5b\xb8\xc9\x03\x97"
	"\xf4\x8d\x6d\x0e\x57\x23\xe3\x8c\x0b\x6c\x5f\xee\x60\xb5\x50\x78"
	"\x25\x28\xd0\x6c\xdc\x5b\x3b\x64\x84\xc6\xc2\x36\x57\x39\xdb\xe5"
	"\x76\x75\x7b\xf5\xc9\xfd\x46\xe1\xac\x98\xbd\xc4\x85\x71\x56\x7a"
	"\xb6\xa5\x94\xee\x6e\xe6\xdc\xdf\x1b\xdb\x22\x20\x63\x14\x4c\x1e"
	"\x26\x83\x90\x09\x2d\x73\x3a\x18\x39\x1b\x8c\x1c\xd4\xce\x82\xdc"
	"\xcf\xc7\xf3\x61\xc8\xf9\x78\x39\xe8\x8b\x60\xfb\x98\x39\x43\x91"
	"\x06\xb3\x8a\x06\xe9\x8c\x0d\x83\x29\xe0\xf0\x7e\x47\x16\x4b\xcb"
	"\x10\x9a\x23\x41\xea\x80\xe6\xe3\x4a\x15\x6d\xf0\xa6\xac\xc0\x72"
	"\x62\xe2\x3a\x4a\xaa\x22\xc4\x18\x11\x41\x2c\x66\x2f\x88\xcc\xb3"
	"\x42\x9e\x76\x7b\x13\xdf\x6e\xb0\xc0\x42\xfb\x96\x68\x5a\x33\x91"
	"\x12\x24\xa5\x4a\xe3\x1d\xc2\xfe\xeb\x9b\x93\x0c\xe4\x6d\x9c\xd9"
	"\xc4\x99\xbb\xe1\x2d\xf0\x87\xa1\x70\x37\x98\x2f\xa7\xe3\x9b\xd0"
	"\xb3\x5b\xb0\x83\x4b\x7e\x5c\xcc\xee\xe7\xb7\xa0\x17\x93\x1b\xba"
	"\xe4\x7e\x7a\x7f\x13\xfa\xe1\x16\xf4\xe2\x7e\xbe\xda\x7d\x1d\x9a"
	"\x23\xd8\x3d\x2c\x26\xcb\xdb\xd0\xf8\x26\xf8\xfd\x8d\xe8\xc1\xe0"
	"\xe5\xf0\xa2\x63\x7f\x49\xe1\xd3\xe9\x4d\xf8\xe9\xe4\x66\xfc\x73"
	"\x70\x63\x8e\xc1\x5f\x10\x26\xf3\xc1\xf3\x22\xcc\xe7\xf3\xc9\x18"
	"\x0d\x6e\x7d\x42\x1e\xf2\xf1\x64\x31\x14\x9e\x6d\x97\xcb\xe9\xe0"
	"\xc9\xc1\x57\x25\x26\x08\x0f\xcb\xb0\x72\xc3\xf1\x78\xf0\x6c\x62"
	"\xe8\xe9\x4d\xe8\xc1\xdc\xbe\xdb\xce\x27\x13\x57\x8f\x16\x25\x25"
	"\x38\x81\x12\x5d\xc1\xb3\xc4\x24\x78\x2a\xb7\xb3\x8e\x4d\x05\x92"
	"\x89\xeb\x19\x2b\xde\xe6\x9b\x7e\x5b\x5a\x10\xbb\x7d\x32\x76\x12"
	"\x55\x57\xe0\x64\x35\x97\x26\x6f\xdd\x22\x72\x53\x53\xc6\xdf\x72"
	"\xa4\x58\x30\x7d\x7f\xd3\xf9\x0a\x38\x57\xab\x5e\x71\xf6\x0b\x92"
	"\x2e\x8b\x79\x1f\x21\x70\x17\xa8\x43\x73\xb3\xd8\xf1\xe3\x72\x16"
	"\xef\xb4\x70\x85\x12\x78\x47\xaf\x48\x56\x34\x30\xf2\x45\xa0\x77"
	"\x43\x84\x86\xbb\xc9\xff\x8c\x15\x71\x13\xae\x4a\x54\x9a\x39\xbf"
	"\xf1\x8b\x8a\x2c\x41\xfa\x67\xf6\xb2\x6a\x25\xa1\x15\x81\x1d\x48"
	"\xeb\x8d\x67\xd2\xca\xdc\x18\xe7\x9d\xdd\x56\x6a\x09\x00\x0c\x23"
	"\xc0\x68\x96\xc2\x57\xfb\x22\xc3\x7e\x96\x2b\x4a\x22\x24\xf3\x5c"
	"\xc6\x5a\x13\x77\x95\x22\x32\xf0\xf3\x45\xb0\xa2\xc0\xba\x2b\xa9"
	"\x79\xcc\x7a\xbd\x53\xa3\xc4\x4b\x85\x79\xae\xb9\xd7\xb9\x25\xac"
	"\xd3\x78\xb9\x00\x4c\x50\xce\x8f\x79\x0d\x17\x7e\x14\x78\xb4\x4a"
	"\xd9\x9d\xc9\x14\x22\xf3\xa9\x41\x9b\xe5\x29\x41\x4b\x06\x38\xad"
	"\xbe\xb7\x4f\x70\x44\x36\x8a\x7b\xdb\xda\x18\xa6\xe9\xfa\x28\xcd"
	"\x1f\x95\x52\x25\xfa\xce\x7d\x44\x36\xfa\x2a\x5e\xd9\xc8\x6e\x8a"
	"\xc1\x7a\xc7\x62\x31\xd9\x70\x79\xe4\x3f\x6e\x72\xfd\xe7\x31\x55"
	"\x8b\x2b\xee\x59\x01\x11\x7b\x2b\x5b\x4b\xf7\x63\x78\x2f\xd6\x9c"
	"\x64\xab\x8f\x44\x31\xe1\x30\x1b\x0a\x6e\x65\x58\x8b\xc1\x6e\x51"
	"\x0e\x1a\x13\xb6\x0e\x48\x0c\x99\xba\x69\xa6\x4b\xe0\xa3\x22\xde"
	"\x63\xd2\x15\x55\x86\x9b\x2a\xcc\xab\x81\xb9\x56\xc5\xb6\xec\xca"
	"\xda\x26\x70\xa2\x45\x6b\xb1\x0d\xd2\x5c\x37\x44\x23\x73\x0b\xb6"
	"\xfe\xdc\xd0\x86\xc2\xdd\xb2\x95\x7a\x68\x06\x81\x17\x7a\x1b\xbd"
	"\x49\x29\x07\x46\xb0\x24\xb6\x8d\xb7\x01\x61\x9d\x1a\x86\xa4\xeb"
	"\x4c\x07\xc8\x2d\xcc\x35\xb9\xb3\x0c\x09\x75\x68\x78\x78\xe5\x26"
	"\x74\x3d\x27\x5b\xe4\xdb\x18\x8f\x19\x94\x7a\x30\x2b\x5a\x79\x7f"
	"\x49\x55\xbf\xdb\x20\xcd\x78\xda\x40\x7c\x38\xcc\x33\xb8\x1d\x02"
	"\xcb\xb6\xb1\xe6\x21\x3f\xb9\xb5\xf7\xfc\x7a\x7c\x1f\xfd\x02\x1e"
	"\x46\x3e\x8e\x2f\xd7\xd3\xcf\xd3\xf5\x1f\x79\xe7\xf5\x7d\x3f\xaa"
	"\x56\x06\xac\xac\xfe\xc1\xa4\xd9\x90\x27\x53\x99\xd2\xe8\x62\x42"
	"\x64\x50\xf2\xc8\x1f\xc8\xf8\x49\x1a\xc9\x25\x21\x5e\x89\xc6\x44"
	"\xca\x29\x7e\x1c\xc8\xf1\x8d\x04\x92\x1f\x85\x86\xce\xa8\x00\xd3"
	"\xee\xd1\x50\x94\xf0\xb0\x7a\xfc\xd4\x83\x2e\x66\xec\x4a\x54\x59"
	"\x45\x4b\x36\xed\x4c\x24\x0a\x15\x79\x28\x4b\xbc\xac\x23\x11\x41"
	"\x62\x49\x45\x91\x1c\x6c\x1a\xce\x74\x6c\xb1\xab\xc9\xc8\xe5\x30"
	"\xe4\xc2\x71\x96\x43\xcb\x9c\x0d\xae\x7d\x36\x1d\x82\x04\x53\xe0"
	"\x1e\x97\xce\x62\xbe\xb8\x09\xee\xcc\x6e\x2b\x7d\x79\x1b\xfc\xc1"
	"\x24\x8f\xeb\x9a\x32\xb7\x8c\x58\x8b\x9a\xdc\xd0\x82\xe5\xc4\x59"
	"\xdc\x06\xbf\xe5\xfb\x66\x0f\xce\x6d\x9d\xbd\x98\xdc\x04\x9f\x3d"
	"\xdc\x36\x94\xb7\x8d\xcd\xe2\xb6\xd2\x97\x37\xb5\x7d\x39\xbb\x89"
	"\xaf\x96\xf3\xdb\xe0\x8b\x1b\xe1\x37\x0d\xd3\x72\x39\xbf\x09\xfe"
	"\x30\xeb\x65\xf2\x2f\x77\x02\x97\xdf\x75\x31\x70\x58\xc7\x0e\xe4"
	"\xa4\xab\xf4\x42\x19\xca\xab\xbb\x0e\xc0\x23\xfa\xb9\xa3\x28\x91"
	"\x1a\x04\x7f\x42\x66\x2d\x7c\x95\x63\xcd\xf2\x5a\xee\xa8\xf4\xae"
	"\xd6\x9a\xbb\x18\xe7\x59\x44\x45\xfa\x62\xd2\xab\x75\x0a\xe0\x69"
	"\x8f\xae\x0c\x75\x95\x09\xc8\x2f\xda\x03\xcb\xb5\x9f\x6f\x1d\xbf"
	"\x6e\x91\x7c\x42\x92\x96\x31\xc4\x16\x09\x7c\xdd\xf9\xcd\xca\xa8"
	"\xe2\x51\x8a\xe9\xc0\x07\x48\x05\x5a\x45\xec\x99\x6b\x75\x59\xc8"
	"\x52\x0a\x4a\x94\x46\x85\xfc\x69\xa6\x9a\x58\x71\x0a\x5b\xf3\x27"
	"\xf4\xb7\xc2\x09\x14\x30\x1f\x3f\xae\xbf\xf6\x9b\x1e\x50\xc1\x02"
	"\xec\x55\x01\xd1\x86\x9c\x22\xa5\xf4\x9f\xd9\x6c\xb6\xe0\x9c\x6d"
	"\x1e\x0a\xb8\xa4\xc4\xae\xd5\xd0\xe2\x95\x21\x88\x30\x0b\x31\x58"
	"\xdd\x36\x8f\x98\x30\x2b\x39\x70\x6e\xab\x92\x5f\xde\x87\xbe\xb1"
	"\x56\xa9\x99\x0c\xc8\xaf\xbb\xf0\x48\x98\x1a\xfb\xc4\xcb\x8f\xcf"
	"\x8e\x98\x44\x10\xa2\xc3\x60\x32\x50\xf8\x70\x33\x0b\x62\x68\x6a"
	"\xe9\xbb\x30\x28\xb1\x4c\x95\xda\xb4\x76\xf3\x5c\xcc\x6d\xd6\x94"
	"\x02\x7c\x03\xb0\x7a\x8d\x61\xc0\x4b\x31\x3e\xe1\x03\x0b\x70\xb7"
	"\x17\xd4\x67\x70\x78\xe3\xd1\x95\x86\x48\x31\x3e\x07\xa3\x30\x4e"
	"\xda\xd0\xf5\x5f\x47\x8f\x9f\xc7\x63\xdb\x9b\x4d\x8d\xbc\xff\x5b"
	"\x8b\x91\x22\x19\x5a\xa9\xab\xaf\x54\x2b\x50\xb9\x87\x26\x76\x78"
	"\x85\xa6\x35\x81\xb4\x75\xc9\xa5\xe4\xb9\xaa\x22\x49\xcf\x01\xaa"
	"\xb4\x47\xfe\xb0\xa0\x9d\xf3\x5f\x99\x05\x6f\x17\x91\x35\x1c\x46"
	"\x9a\x55\x83\x66\xaa\xb1\x51\xe9\xb0\x1b\xed\x1f\xf2\xf9\xe3\x22"
	"\xf2\x5b\xd3\x43\xcd\x07\x09\x25\x42\x22\x1b\x85\xea\x9c\x54\xfb"
	"\x6e\xab\x02\xb0\xd9\x5b\x6c\x72\x30\x08\x89\x7e\xb8\x54\x6a\x18"
	"\x3d\x51\x29\x39\xde\xab\x8c\x99\xd2\x0a\x62\xb7\xdc\x26\x3d\xeb"
	"\x2a\x4c\x0e\xec\xa6\x92\xb7\xc4\x66\x62\x30\x7d\x74\x67\xe2\x7d"
	"\xb8\x49\x02\x27\xc8\x49\x99\x6e\xe1\x12\x3f\xdd\x6a\x40\x1f\xd0"
	"\xbb\x37\x63\xc6\x90\xad\x37\x1d\x0b\xa5\xb1\x4e\xcc\xae\xdf\x8e"
	"\x9f\xa3\xfc\xf8\x79\xfa\x4e\xff\x39\xbc\x49\xb7\xe0\xd1\x33\xa1"
	"\xff\x71\xfd\x09\x1b\x35\x2b\xec\xb1\xbb\x3d\x7e\xe7\x8e\x64\x4d"
	"\x28\x37\xb3\x32\xd9\xe8\xaf\x87\x17\x04\xcf\xef\xe7\x53\x54\x21"
	"\x73\xdd\x85\x41\xe2\xe7\x3e\xf7\x1e\x20\x56\xc1\x52\xdd\x18\x51"
	"\xf6\xd8\x4e\xc7\xa6\x6c\x05\x99\x2c\x26\x93\x75\x27\xa3\xe5\x4c"
	"\x97\xd1\xbb\xa7\xae\x5d\xfa\x42\x57\x6b\x1e\x30\x97\x77\x72\x2c"
	"\x2d\x7e\x5b\x73\xc7\xbc\x32\xc4\xa0\xcb\xed\x15\x5a\x50\x6e\x21"
	"\x20\x35\xe6\x71\x62\x49\xb6\x01\xc5\x71\xae\x18\x8d\x58\x0f\xed"
	"\x5c\xee\xdc\xc1\xa2\x8f\x55\x0f\x54\xeb\xdb\x1a\x70\x4a\x9a\xc2"
	"\x23\xa5\x2a\xfc\x6c\xb9\x75\xe3\x0d\xfa\x32\x9d\xcf\x45\x5f\x1b"
	"\xfe\x63\x75\x8c\x5c\x4d\xb9\x38\x5f\xce\x0d\xba\x8c\x06\x9c\xcc"
	"\x9c\x07\x3d\x18\x1a\xc3\x7a\xcb\xa2\x18\xd1\xf5\xe4\xb9\xcc\x77"
	"\x7d\x93\x85\x22\xba\xa6\xdb\x22\x02\xb9\x8e\xb9\x69\xe3\x76\xbe"
	"\xbe\x15\x1e\x62\x64\x64\x6c\x95\x37\x98\xd9\x79\x04\x6b\x65\x1e"
	"\x40\x70\x68\x76\xd3\x42\x79\x48\xa0\x98\x3c\x32\xf6\x9e\xa6\x8a"
	"\xf2\x85\x2c\xd7\x63\xf9\x12\x9d\x64\x7d\x10\x77\xa5\x87\x50\xb5"
	"\x9f\xbd\xef\x84\xf8\xb5\x5d\xdf\xc6\x74\x3e\xb3\x88\xe2\x1f\x2f"
	"\xc7\x5f\xeb\xdb\xb1\x87\x8f\xd7\x11\xa1\x73\xfc\xfd\xf0\x26\x6f"
	"\xd0\xe0\xee\x29\x2b\x12\x88\x4e\x55\x5d\x3e\xec\x48\x95\x14\x61"
	"\xbb\x02\x5a\x63\x92\x55\x01\xbc\x0b\x81\x03\xb2\x0c\x1b\xd9\x33"
	"\x73\x03\x1e\x5c\xb8\x73\xd3\x16\x62\xae\x93\x22\x2e\xfd\x30\xd7"
	"\xb6\x21\xf3\xd8\xe3\xb1\xc2\x6c\x98\x42\x78\x6f\x92\xd4\xc3\x1c"
	"\xaf\x32\x7e\xde\xc4\xdf\x27\x9c\x3e\xfe\xc1\xff\x28\xc7\x29\x54"
	"\x96\xdc\xb3\x87\x1f\xbe\x41\x64\x11\x01\x7e\x72\xdf\x0f\xa2\xfb"
	"\xd0\x0a\x15\x3d\x38\x9c\x1b\x65\x1c\x09\x93\xc7\x64\x80\xfc\xc9"
	"\x62\xab\xff\x3f\x65\x57\xd7\xdd\x28\xce\xa4\xef\xf7\x57\xe4\xec"
	"\xd5\xcc\x39\x3b\x3b\x80\x8d\x8d\x2f\xe6\x42\x16\xd8\xd6\x18\x01"
	"\x41\x72\x4c\x72\xe3\x93\x4e\xf2\x4e\x67\xdf\xee\xa4\x4f\xda\x7d"
	"\xde\x9e\x7f\xbf\x2a\x81\x0d\x02\x95\x60\x2e\xa6\x27\x56\x3d\x12"
	"\x42\xe8\xa3\x24\x55\x3d\xa5\x5d\x78\x87\x56\x8c\xf1\xcb\xa7\x1f"
	"\x7f\xfd\xcf\xcd\x97\x77\xf5\xcf\xf9\xe3\xf1\xe9\xc5\x7c\x7f\x22"
	"\x37\x4d\x8d\x7b\xd7\x39\x9c\xf7\x36\x21\x70\x20\x7e\x09\x91\x6c"
	"\x2e\x4c\x05\x97\x47\xc7\x28\xe1\x09\x5e\xf7\xed\x9e\x35\xb1\x95"
	"\x51\xc8\x4e\xcd\x3c\x4d\x24\x69\x34\xb6\xef\xa5\x19\xc0\x77\xd9"
	"\xda\x1b\xc0\x86\x70\x50\x6f\xa0\x64\xb4\x91\xba\x74\x9b\x41\xad"
	"\xd7\x9b\x84\xc8\x43\xd9\x53\xab\x40\x40\x92\x78\x98\xc8\x0a\xb5"
	"\xbc\xd3\xfe\xc5\xe7\x49\x0d\x95\xe1\xbd\x27\xa4\xba\x5c\x7b\x3a"
	"\xa8\xa1\xe5\xb8\x61\x3f\x46\x38\x6d\x0a\xea\xe9\x86\x9c\x59\xd3"
	"\x41\x17\xad\x47\x64\x1d\x7e\xcf\xd0\xb1\x21\x78\xa6\x5e\x6f\x50"
	"\xc1\x29\x5e\x0f\x55\xf3\x56\x6a\x0f\x6a\x53\x2f\x55\x50\x97\x93"
	"\xdc\x25\x6a\x02\xea\x5d\x0f\x37\x89\x6a\x8a\x53\x1a\x27\x51\x3d"
	"\x93\xf2\x5e\xfb\x9a\xb9\x71\x2f\x87\x8b\x0b\x84\x76\x03\x83\x6b"
	"\x95\x41\x9f\x55\xca\x85\x84\x05\xf8\xba\x6b\xb3\xd5\x17\x78\x59"
	"\x65\xb2\xaf\xbd\xe6\x4f\xa4\x7b\x49\x52\x94\x2a\xe7\x1e\x8a\xb2"
	"\xa5\xd5\xee\x22\x70\x04\x91\xf7\xed\x56\x29\x9c\xb7\x93\x13\x13"
	"\x85\xe5\x02\xb9\x91\x9c\x4a\x41\xa7\x5c\x21\x5f\xe0\xc7\x22\x19"
	"\xbf\x8e\xbf\x80\xe3\x22\xc1\x66\x9e\x0e\x8a\xb7\x76\x9a\xe3\x45"
	"\x6e\x62\xfb\x6c\xd7\x81\x34\x7f\x5a\x1e\x5c\xca\xc6\x49\x1e\xdf"
	"\xa2\x29\x15\x2a\x3b\x54\x7a\x74\x35\xf4\x30\x8e\x71\xa0\xe9\xb9"
	"\x85\xcc\xfb\x03\xd6\x94\x69\xdf\xe6\x3f\xbc\x9f\x9e\xe7\x7b\xc9"
	"\xd2\xf3\x1c\xc8\x9a\x3d\xe4\xa7\xdf\x03\x6d\xe2\xba\xf3\x80\xc9"
	"\x3b\xd0\x25\xf4\x9e\xb6\xde\x4a\xed\x37\x7c\xf5\x3a\x35\xa7\xdd"
	"\x2d\xa3\x26\x1d\xcf\x25\xf1\x6e\x36\x4c\x87\xd5\x80\x1a\x3b\xad"
	"\x0d\x01\x1a\x0e\x95\x54\x6f\x00\x54\x17\x3f\x88\x0e\x57\xe1\x51"
	"\xaa\x2c\x9b\x6b\xb8\xb2\xe3\xe3\xdb\xf9\xff\xde\x5f\xdf\x6e\xbe"
	"\xbf\xff\xeb\xac\x29\x27\xfa\x34\xea\x2d\x35\x8a\xda\x55\xfc\x99"
	"\xb3\x0c\xb8\x26\x92\x63\x8f\x1d\xb1\x71\x40\x13\xec\x42\xf2\xd4"
	"\xba\xc7\x5d\x59\x93\x05\x03\x9d\xc2\xf8\xc0\x84\xc5\x27\x70\x37"
	"\xb7\xd2\x66\xa8\x0c\x1d\x2e\x06\xc8\x5e\x5f\x70\x18\x05\xde\x5e"
	"\x19\x6c\x0c\x86\x66\x25\x02\xb6\xa2\xd3\x46\xd8\x6b\xd9\x54\xef"
	"\xe6\xfc\xf7\xb7\x97\x9b\x5f\x9e\x5f\xbf\xff\x5b\x2d\x81\x8f\xdf"
	"\x94\x8a\x44\xe3\xdf\xca\x9c\xff\xda\x56\xfc\xe2\x83\x2c\x8c\xaa"
	"\xd3\x5d\x59\xa7\x22\xec\x3d\x8d\x38\x17\x08\xe0\x5a\x6a\xe9\xcc"
	"\x2f\xb6\x6e\x31\xe2\x6f\xa6\x1b\x00\x26\x19\xa9\x3e\x9a\xc0\x21"
	"\xb0\xbc\x63\x1e\x30\x1a\x20\x28\xd0\xee\x81\x09\xba\xbd\x1d\xe5"
	"\xc5\x7f\xd3\xd8\x2c\xd6\x59\x0b\x36\xfc\xb6\x26\x64\x43\xc7\x10"
	"\x4c\xff\x3b\x02\x12\x44\x4c\x81\xa4\x6c\x2d\x88\x0b\x53\x16\xce"
	"\xce\x08\x3a\x7f\x0a\x6c\x54\x06\x49\xbb\x96\x60\xe1\xa4\x6b\xa9"
	"\xd2\x80\xc1\x26\x57\x6c\x1c\x0f\x3f\x6c\xc4\x8e\xc6\xb8\x1c\xf7"
	"\x3b\xd6\xe2\xfa\x1c\xc6\xf5\xa1\xeb\xaa\x9f\x0a\xca\x29\x23\x8e"
	"\xe7\x38\x3a\x54\x2e\x60\x62\x63\x52\x2d\x7d\x39\x4a\xc2\x53\x00"
	"\x19\xc0\x75\xf9\x35\x38\xca\x6d\xc1\x9a\xcd\x13\xc8\xcb\xa8\xe0"
	"\x08\xef\xc1\x80\xa4\xa6\xcf\x98\xc0\xf5\x99\xa8\xec\x1e\x6a\xb5"
	"\x32\x93\x4c\xa5\x33\x77\x20\xdb\x2a\xd4\x9e\x59\x3f\x66\xc3\xf2"
	"\x5e\x81\xb5\xc9\x7d\xed\x92\xa8\xf6\x50\x04\x74\x7d\xf8\x81\x8d"
	"\x30\x95\xe5\x90\xe9\x48\x6e\x49\x6c\x7f\x8a\x26\x8a\x18\xa8\x53"
	"\x47\xb5\xac\xda\xe9\x5f\xae\x7e\xb3\xfb\xe4\xbe\xcb\x2a\x73\x12"
	"\x19\x29\xc4\x2e\x97\xbd\x1a\xcb\x9d\x9a\xcf\xd5\x44\x79\xc7\xc0"
	"\x86\xc3\x51\x4f\x9c\x1d\x28\x6e\xb8\x32\x9c\x08\xb5\xc0\x63\x22"
	"\x20\x80\x45\xac\x2c\x94\x14\x56\x08\x4c\xf6\x90\x94\x39\x5a\xaa"
	"\x0e\x78\x45\xe4\x0e\xff\xb4\x3d\x7a\x91\xce\x37\xd1\xd4\x4c\xbd"
	"\x96\x52\x9a\xa2\x9d\x00\x55\xc9\xd4\x2e\xd4\x38\xb5\xbb\x26\xc1"
	"\x39\x9b\x2d\x79\x63\x9e\x90\xc1\xf7\xc1\x7d\x87\xe3\x5a\xe3\xd0"
	"\x8d\x2c\x30\x04\xe8\x1b\xdb\x7e\x94\x88\x4e\x6f\x35\x29\x94\xaf"
	"\x91\x37\x4b\x84\x5f\x77\x68\xca\xc0\x58\x8f\x33\xba\xd6\xa2\xda"
	"\xa1\x99\x67\xb1\x5d\xfb\xd2\x16\xf3\x5d\x68\x72\x7b\x20\xa9\xd2"
	"\x9c\x90\xb0\x12\x0e\x7e\x78\x99\x60\x7b\x49\x42\x51\x3a\x5d\x56"
	"\xa0\xa2\xbb\x0a\x93\x00\x91\x10\xc2\x41\xb5\x95\x05\x56\x07\x91"
	"\xa0\xec\xdd\x8d\xc6\x6f\x3b\x9b\x3c\x18\xc6\x53\xea\xe7\xe9\x4e"
	"\xb7\x70\xa9\x94\x87\x93\x35\xcb\x5d\x22\x77\x16\x2a\x15\x2c\x3a"
	"\x41\x96\xf6\x4e\x6b\xea\xb5\x1a\xf8\xe4\x5a\xfe\x85\x67\xd3\xf9"
	"\x3f\x7e\xfd\x7e\xfe\x78\xfd\xf4\x03\xa8\x0e\xc4\x7f\x5e\xcf\x4f"
	"\x9f\x6f\xc8\xc7\xd3\xe7\xd7\xf3\xcb\xd3\xf9\xc7\x87\x95\xc4\x33"
	"\x81\xcd\x97\x3d\x5a\x03\x50\xff\x34\xf6\x31\x9d\x3e\x05\x89\x35"
	"\xbf\x56\xdb\x88\x3a\x8d\xc2\xc4\xc8\xb0\xe0\xed\x35\x86\xc9\x35"
	"\xc1\x7c\x77\x9b\x82\xe1\xa4\xd9\xe1\xbb\xd2\x45\x01\x35\x97\xda"
	"\x6b\xe0\xc0\x1d\x03\x7d\x25\x71\xd6\x89\x0b\x0a\xbc\x8b\x8c\xe3"
	"\x90\x9c\xca\xc4\x6a\x25\x56\xec\xee\x95\x7e\xd2\xd1\x6e\x8f\x2a"
	"\xc5\x88\x70\x91\xc0\x49\x19\xd3\x07\x48\x4a\x34\x3c\xaa\x64\xec"
	"\x06\xd2\x71\x92\x55\xc2\xe3\x7e\xce\x56\xa6\xc6\x64\xa6\x16\x76"
	"\x1c\x50\x45\xd1\x72\xb5\x58\xe3\x00\x19\x79\xb3\x0a\x15\xab\x6f"
	"\xba\xac\x2a\xa7\x3c\x5a\xba\xe4\x3a\x16\x77\xce\x51\x00\x65\x94"
	"\xc4\x78\xfd\xa9\x66\x29\xc0\xe5\x31\x51\x9d\xd3\x51\x7c\x5c\x44"
	"\xb3\x28\x08\x9c\x72\x49\x23\xdf\x77\x97\x30\x8f\xdc\xf2\xc5\xb2"
	"\x2f\xbf\xd2\xb9\x56\x89\xfe\x7c\x86\xf2\x49\x0b\xb5\xbb\x43\x4b"
	"\x84\x45\x21\x3d\x55\x47\x72\x8f\x42\x52\xd5\xab\x13\xe9\x7b\xbe"
	"\x4f\x71\x0c\xb0\xba\x22\x32\x4e\x4a\xa5\x55\xa6\xa3\x72\xdf\xdb"
	"\x8e\x62\xa2\xe8\x16\xc7\x30\x5a\x26\x29\xd2\x36\x20\xcc\xf5\xc5"
	"\x75\xaf\x7d\x5a\x81\xf4\x9d\x45\xe7\x02\x4e\xc3\x30\x44\xa6\x4d"
	"\x3b\x09\xfe\x96\x59\xa5\x9e\xf0\x27\xf1\x7d\xcf\x43\x31\xb7\xce"
	"\x47\x40\xe4\x47\x38\x4f\xc2\xe5\x59\x02\x7b\x18\x54\xae\xd4\xcc"
	"\x4b\x0b\xd8\x15\x78\x35\x39\xe1\x42\x99\xf8\x5e\x55\x20\x94\x8b"
	"\x25\x51\x93\x3a\xa3\xf8\xc3\xef\x40\x33\x01\x22\x0d\x44\x5e\xb1"
	"\x94\x65\x6a\x26\x56\x53\x54\x50\xc2\xbf\xc8\x79\xce\x32\x54\x13"
	"\xc8\x56\x1c\x5d\x3d\x60\x2f\xa2\xd5\x2a\xe4\xb6\xad\x44\x51\x74"
	"\x4e\x5a\xd4\x8f\xd3\x5a\xc0\x8c\xd1\x4b\x54\x1a\x72\x5a\x07\xb7"
	"\x6c\x69\x2b\x54\x32\x1a\x4c\x10\x84\xbc\x28\x06\x19\xb4\x86\xd9"
	"\xe7\x30\xed\x22\xf2\xc4\x5a\x9a\x34\xeb\x93\xf7\x83\x34\x41\xd9"
	"\x83\x0d\xb7\x21\xd5\xf4\x97\x12\x09\x08\x26\x52\x66\x23\xf7\x16"
	"\xe9\x8e\x9a\xf7\x8c\x35\x75\x39\x5c\x40\x0a\x53\x40\x89\xec\x41"
	"\xf7\xe4\x98\x74\x63\xd8\xea\x6b\xca\x64\x4b\xc4\xa1\x97\xb5\x94"
	"\x69\xe4\x87\x9e\x2d\x31\x30\x13\x95\xde\xb5\x8c\xaa\xca\x4c\x54"
	"\xff\x19\x9c\x81\x97\x6a\xc2\xda\xe3\x2f\x2b\x4c\xb0\x3a\xf9\xcb"
	"\x88\x0c\xa5\x34\xa6\x5a\x25\xb1\x4a\x4e\x49\xd7\xde\xa2\x2b\xc8"
	"\xa8\x45\xb0\x3b\xa8\x36\x60\xb8\x1c\x04\x7c\xcd\x2c\x92\x98\xaf"
	"\x16\x9e\x3f\x4c\x17\xe5\x6a\xe9\x79\xd6\xf4\xc8\x9a\xae\x06\xf0"
	"\x32\xac\x2a\xbb\x64\x65\x95\x6c\xd3\x45\xe0\x59\x5a\x26\x83\x29"
	"\x3f\xb2\x3c\x04\x96\x93\xf5\x30\x99\x53\xb1\x8c\x66\x16\x7c\xa9"
	"\x94\x7e\x71\xda\xe5\x42\xda\x9b\x04\x4c\x5b\x20\xae\x88\xbe\xc0"
	"\x74\x41\x4c\x99\xb6\x57\x0f\x17\xb3\x5e\xa7\x21\x59\xb0\x0c\x7a"
	"\xb5\x58\x27\xe9\xbe\xbb\xdb\xd7\xb8\x92\xeb\x63\x61\x33\x35\x29"
	"\x44\x9e\x05\x51\x14\xf5\x3a\x37\x0d\xfc\x95\xe5\xd5\x1e\xc8\xa1"
	"\xec\xf7\x6f\x5d\xe7\x2a\x0a\x66\xbe\x77\x1a\x8c\x08\x10\xee\x49"
	"\xca\x99\xa5\xc1\x6f\xd5\xd4\x7f\x3c\x92\x5e\x3d\x77\x22\x1f\x42"
	"\xd5\xa2\x1d\xfa\x55\xaf\xc3\xb0\x62\x37\x78\x9e\x60\x49\x59\x92"
	"\xd3\x60\xc4\xdc\xa5\x0b\x5b\xff\xa1\xbb\x55\xd0\x4d\x3f\xa6\xc4"
	"\xd8\x77\x5c\xa9\xe0\x8f\x08\x27\x37\x64\x50\x3b\x8f\x2c\x06\x37"
	"\xb2\x98\xab\xd5\x6a\x1c\x86\xec\xbf\x4d\x0c\x47\x42\x43\x75\x51"
	"\x17\xf5\x6f\x14\x48\x99\xa0\xf9\x28\x4a\x6b\x46\x93\x50\xa5\x60"
	"\xe3\xc0\x46\x83\x19\xc7\x35\xd7\x46\xa3\xc0\x92\xa0\x2b\x8b\x01"
	"\xab\xb5\x86\x71\x1c\x42\xaf\xd9\xc5\x20\xe7\xd4\x5d\x88\x1c\x2f"
	"\xe5\xe1\x3e\x26\xe3\xdd\x47\x6f\x36\x92\x2c\x23\x6e\x3e\xf7\xdd"
	"\x51\x20\x7b\x29\x73\xfe\x39\xa6\xd6\x20\x1a\xb0\x2b\xbe\xd8\xa1"
	"\xd6\x54\x8c\x6f\x8f\x9f\xbe\xbc\xdc\x1c\x5f\x81\x53\xf8\x97\x26"
	"\xea\xc7\xeb\xdb\x5f\x37\xef\x35\xe3\xf7\xaf\x37\xe7\x77\x55\xc0"
	"\xcb\xcd\xf9\xf3\x05\x65\xd9\x46\x1d\x1d\x61\x7b\x6c\x0c\xe5\x9d"
	"\xc3\xe0\x38\xb3\x50\x0b\x7e\xfb\x71\x46\x2f\x4d\x34\x91\x7c\x27"
	"\x4e\x28\xfc\xec\xd9\xf4\xd4\x69\x9b\x0d\xdc\xf3\xa7\xbd\x18\x66"
	"\xb5\x0c\xc2\xa8\x60\x11\x60\x6a\x84\xd0\x01\x53\xf6\xd8\x4d\x5b"
	"\x0d\xe2\x44\x6d\x3f\xab\x3e\x48\xbf\xc4\xe1\xfb\xcb\xc7\x17\x30"
	"\x2a\x79\x7d\x3b\xbf\x7c\xfc\xeb\xb1\xc7\xa0\xda\xe4\xcf\x0f\x22"
	"\x71\xd7\xe3\xcf\xfc\xbe\x07\x30\xc4\xc9\x5d\x8f\xdc\xf7\x92\xdc"
	"\x3b\xa5\xed\x34\x2c\x46\x01\x5f\xe7\xdc\x27\xf7\xeb\x9c\x94\xc6"
	"\x11\xf4\x25\x4d\xcd\x71\x76\x15\xac\x03\x28\xc2\x30\x8a\xa6\x80"
	"\x6c\xb7\xf3\x2d\x44\xee\xd7\xf6\x2a\xdc\xaa\x65\x1a\x61\x06\xe9"
	"\x60\x02\x7f\x31\x82\x89\x9b\xd8\x44\xe5\x02\xb1\xa7\xbf\x22\xd3"
	"\xfd\x1e\xe1\x1c\xbe\x42\xd0\x03\x15\x03\xa1\x7b\x5d\x32\x52\x94"
	"\xa4\x64\x31\xf7\x17\xa3\xa0\x68\xee\x8f\x34\x73\xdd\x39\x47\xde"
	"\x8d\x47\xb3\x60\x36\x8e\x99\xcd\xc6\x9e\x55\x2d\x67\xe1\x6a\x04"
	"\x44\xc5\x08\xa0\x28\xfd\xc0\x77\x63\xb2\xe4\x28\x11\x3b\xab\x2b"
	"\x06\x62\x5f\xc1\x61\xec\xc8\xe3\x04\xe1\xe2\x80\x9c\x97\xb5\x20"
	"\x99\x1f\xc9\x11\xa1\xdd\x6e\x51\x87\x6c\xb4\x93\xe4\x6a\x9a\x98"
	"\x8f\x7c\x57\x1e\xd4\x16\x62\xbd\x73\xf5\x21\xb2\x92\xa3\xcf\xa3"
	"\xa4\xf0\xfd\x6a\xa4\x03\xac\xad\x81\x72\xda\x2f\x02\xa6\x21\xbc"
	"\x6b\xa0\xd3\x15\x0d\xe7\x1d\x3d\xa1\xa1\x93\x95\x9a\xcb\x84\xda"
	"\x35\x1b\xf9\x2e\x69\x4a\x93\x25\x3d\x43\x18\x0b\x66\x16\x8f\x00"
	"\x62\xe6\x06\xd0\x7c\x8d\xdc\xbb\x5c\x21\xdb\x4d\xb0\x1f\x41\x60"
	"\xc1\xe3\x0d\xc4\x89\x8f\x81\x0e\x4c\xcd\x07\x1c\xe1\xd0\xbe\xc2"
	"\xb4\xca\x45\xe8\x08\x4a\xb0\x38\x39\x42\x20\xcc\xd2\x8d\x93\x1c"
	"\x99\xc3\xdb\xe7\x69\x3a\x44\x37\xe6\x48\xca\x92\xe5\x23\x8f\xe2"
	"\x64\xab\x34\x40\x44\x35\x68\x2b\x5e\x10\x9a\xe4\x48\x8c\x01\x13"
	"\xb5\x26\x88\x42\xd9\xc2\xc0\xd9\x65\xb4\x09\x8e\x2c\x56\x3f\xdc"
	"\xa0\x87\x5d\x92\xa9\x1d\xee\x48\x77\x13\xa1\xe7\xfb\x6e\x0c\x2c"
	"\xe0\xbd\xf8\x20\x7d\x48\x55\x90\xd8\x3a\x26\x40\xa0\xf4\x18\xf7"
	"\x03\x34\x08\x0d\x1b\x74\x85\x15\x42\x03\x31\x46\xe8\x16\x57\x21"
	"\xcc\xa7\xf5\x18\xd6\x26\xd8\x12\x1d\xe2\x7a\xf6\x12\xb4\x4c\x92"
	"\xce\xc6\xae\x93\x08\x37\xab\x05\xf0\xd8\x99\xf1\x32\xba\x08\x12"
	"\xab\x9d\x35\xc2\xab\x6d\xe2\x96\x98\xeb\xdc\x00\xb6\x9a\x00\xa3"
	"\xe3\x98\xd2\x57\x4a\x38\xca\x97\x6d\x40\x61\x0b\x77\xe2\x48\x60"
	"\x51\x03\x79\x50\x8a\x01\xab\x28\x2b\x47\xa1\xeb\x43\xe0\x7b\xfe"
	"\x6c\x1a\x2e\x18\x7f\x67\x38\x1d\x05\x7b\x28\x46\xb3\x68\x86\xa8"
	"\x13\x06\xfe\x3e\xa2\x92\x6f\x7d\xdf\x9b\x00\x95\x12\x0c\xd9\x7a"
	"\xd7\xa9\x0e\xec\x7c\x1a\x18\x08\x68\x0b\xe4\x92\xbb\x8b\xdb\x11"
	"\x5e\x88\x1d\x9b\x50\x62\x92\x20\x9b\x38\x03\xb4\x25\x29\xa9\x26"
	"\xc2\x80\xea\x97\x91\x74\x1c\x5d\xd1\x99\xe7\x8d\x37\xe6\xe6\xf0"
	"\x27\x93\xe2\x30\x8a\xdb\xe6\x79\xcc\xc6\x2b\xb9\x53\x4b\x05\x12"
	"\x0a\xb1\x0b\x63\x29\x0b\xb0\xc8\x7f\x5d\x9c\x58\x88\x7b\xcc\xef"
	"\xd9\xa8\xdd\x21\x7b\x98\xf0\x35\xf6\x72\x13\xf8\xc1\xf8\xb8\x4e"
	"\xb0\x95\xc5\x04\x8d\xf7\x94\x23\x81\x4b\xae\x63\xe4\x79\xfe\x44"
	"\xec\x94\x09\x40\x69\xc4\xbe\x1f\x4d\x28\x52\x69\xc5\xe1\x94\x4e"
	"\xc0\xb9\xf0\xfd\xf9\x38\x2c\x49\x37\x44\x9c\x38\x2b\x26\x60\xf5"
	"\x8f\xf1\x8e\xc0\xab\xc5\x21\x3d\x49\x31\xfe\xd6\x2c\x4b\x2a\x36"
	"\xde\xe4\x7c\xbf\xf4\x83\x51\x94\xd2\xe2\x39\xf0\xf5\x8c\x7f\xe5"
	"\x58\xed\xf6\x65\x58\x79\xe3\x8b\x86\xfe\xbb\x04\xef\x9c\x69\xd0"
	"\x23\x1b\xef\x64\x13\x67\xef\x63\x2c\xf5\x75\xee\x94\xde\xa3\x2f"
	"\x1d\x72\x5e\xe4\x82\xc9\x64\x5a\x4d\x99\xda\xf4\x8e\x2f\x0d\x12"
	"\x6c\xa5\x93\x72\xc2\x37\x52\xc8\xc0\xf3\xe6\x13\x71\xe1\x44\xdc"
	"\xf8\xb8\x2e\xf9\x09\x31\xcf\x34\x26\x1d\x96\x26\x24\x9e\x00\x13"
	"\x93\xda\x5b\x48\x3f\x98\x05\x13\x60\x7c\x33\xa5\x72\x87\x72\xee"
	"\x4d\x41\x81\x29\x3d\x1e\xa4\xc3\x00\x57\xd1\x22\x9c\x32\xa2\xf7"
	"\xa7\x4c\xce\x16\xe1\x32\xb0\x78\x24\xd5\x31\x82\x94\xf8\xe7\xcf"
	"\x9f\xc3\x83\xb5\x6e\x39\x0d\x08\x53\xd1\x64\x21\x16\xa1\xb7\x1c"
	"\x5f\x1b\x1e\x12\xb9\x08\x82\xf1\x6e\xf9\x80\xef\x39\x8c\xbe\x91"
	"\xef\x78\xa3\xdd\xcc\x26\xb5\xc5\x56\xfa\x7e\xe8\x0f\x7d\x63\xeb"
	"\xe4\x41\x13\xd4\xe9\x4d\xa4\x1c\x83\xec\xa0\x5f\xf0\x26\xa7\x70"
	"\xce\x4c\x77\xa7\x5d\x3c\xa9\x26\x6d\x86\xcd\xc4\x1c\x02\x34\x1d"
	"\x7d\xc9\xac\x7a\xb0\x1a\x16\x6c\x6e\xb3\x94\x32\xd6\x75\x08\xdf"
	"\x09\x4a\x9d\x71\x7b\x64\x81\x0c\x22\x2e\x0c\x31\x79\x46\x7b\xc7"
	"\xf7\x28\x94\x69\xa8\xbb\x38\x46\x4f\xbb\x4a\x29\x99\xab\x60\x82"
	"\x7a\x62\x64\xf0\xff\x61\x86\x09\x93\x60\x2f\xc3\x3f\xad\x92\xff"
	"\x4f\xab\x34\x61\x5d\xea\x65\x98\x4d\x6b\xf8\x0b\x3c\x70\x7d\xed"
	"\x8b\x17\x9a\xe3\xfb\x01\x05\xb0\x74\x7f\xc0\x84\xaf\x93\x38\x4e"
	"\xe2\x6b\x58\x4d\x24\x9c\x95\x7a\xde\x7a\xa4\xf2\xda\x7b\x09\x7e"
	"\x5f\x23\xec\x6e\x5e\xdf\xfe\x7a\xf9\xf8\xf6\xf1\xfa\x76\xb6\x45"
	"\x85\xd2\xe3\x47\x6f\xec\xb5\xd3\xd0\x88\xab\x8d\x81\x4c\x52\x1d"
	"\xb6\x65\xbb\x51\xfb\x1b\xfe\xdf\xe6\x5e\x15\xa2\xf3\x0c\x8f\xb0"
	"\xd4\x7e\xd1\x9f\x57\x8e\x1d\x70\xbd\xb5\xa3\x6a\x6c\xa2\xda\x53"
	"\x0d\x5c\x73\xe2\x23\xe1\xc3\x9a\x53\xfa\x59\xe5\xa9\xe9\x4c\x62"
	"\x07\x9a\x4d\x35\x39\x89\xe6\xce\x72\xb6\x45\x40\x9c\x62\xb0\xea"
	"\x53\x2a\x3f\x76\x09\xd3\xa2\xe2\x04\xa2\x0e\x94\xce\xb7\x67\x3a"
	"\x1a\xa9\x4c\x02\x07\x0a\x62\x41\x17\x24\x6b\x90\x2e\x60\x25\xff"
	"\x5c\x39\xe4\xda\x2d\x9c\x13\x67\x19\xf7\x09\x7e\x35\x58\x23\x28"
	"\xf7\x3d\xd7\x53\xca\x64\x7b\x48\xc1\x82\x1f\x28\x33\x24\xa3\xe8"
	"\xf1\xc6\xe1\x72\xfb\xd4\xaf\x26\xdd\x44\xe1\x72\xee\x7a\x91\x23"
	"\x1f\xff\x06\x00\xba\x63\xd8\x09\x65\xe7\x3b\x01\xc3\x5c\x09\x44"
	"\xfc\xa3\x9f\x2b\xae\xd2\x99\xb3\x3b\x33\x2e\x54\xf5\x0f\xce\xd6"
	"\x23\xe8\x36\xb5\x46\xc4\xe5\x5d\xb0\xf0\xaa\xa6\xf5\xc4\x18\x72"
	"\x11\x4e\x46\x2e\x9d\x48\x58\x14\x07\xc7\x06\x7a\xe6\xd8\x3d\x7e"
	"\x3c\x6b\xdf\x2d\xf6\x7b\x7e\x73\x71\xc6\xb9\x06\x3f\x2b\xbb\xb4"
	"\x1d\xfa\x27\xfc\xdb\xf7\xb5\xab\x05\x10\x15\x79\xcf\x6d\x14\x44"
	"\xb5\x3c\x65\xeb\x42\x04\xc3\x7c\x25\x39\x22\xa1\xd7\x74\xa9\x75"
	"\x6c\x35\x95\xd3\x01\x52\x52\x8e\xb9\x62\x34\xc5\x94\x74\xa4\x0c"
	"\x52\xac\xdd\x80\xfa\x66\x4a\x60\x71\x06\xd1\xbd\x02\x50\x21\x5a"
	"\x09\x02\xe8\xe7\xc7\x8f\xc7\xa7\xf3\xcb\x47\x27\x72\xe4\x65\x15"
	"\x90\x86\x2d\xe2\x9d\x6d\x0a\x3f\x64\xac\x5a\x45\xa7\x42\x9a\xd1"
	"\xe4\x1b\x67\x56\x48\x46\x5f\x86\xa4\xa7\xac\x76\xf0\x8a\x49\x69"
	"\x57\xb2\xb2\xd3\x56\xd8\xef\xcf\x75\x00\x61\x08\x87\x61\x0b\x6f"
	"\x9a\xc6\x10\xc9\x0d\x98\x70\xc1\x3d\xdf\x8c\xd5\x7c\xc7\x13\x6e"
	"\x21\xfb\xf9\x78\x7d\xfc\xd2\xb9\x2b\x37\xab\xa9\xc3\x84\xd1\x2e"
	"\x0b\x6c\x23\x88\x82\xae\xad\x58\x27\x51\x3d\xa8\x28\x13\x4a\x80"
	"\x24\x07\x08\x14\x72\x93\x8c\xbf\x8b\xdc\xc0\x8d\xc1\x1e\xe9\xb0"
	"\x17\xd0\xc0\xdd\xd6\x78\x96\xe1\x54\xd8\x11\x64\xa5\x76\xd6\x15"
	"\x7f\x04\x36\x69\xa9\x36\xeb\x8c\x27\x57\x88\xb5\x76\x10\xf9\x28"
	"\x8b\x91\x6b\xd0\x2e\x90\x28\xad\x44\xbd\xec\x1d\x94\x36\xf2\x32"
	"\x1b\x91\x62\x8d\x11\x1f\x47\x1f\x54\xca\x20\x8a\xaa\x91\x47\x70"
	"\xa9\x36\x55\xcb\x41\xab\xe4\x9b\xd6\xb1\xeb\x6b\xb3\xc1\x7a\x7f"
	"\xfb\x0d\xb2\xa8\x92\x74\x1f\xd0\xae\x04\x16\xad\xa6\x29\x01\xe6"
	"\x17\x55\x86\xe7\x7b\x78\x0d\xae\x18\x7f\x50\x81\x56\xd4\xf9\xa4"
	"\xfd\x67\x5c\xba\x9b\x0e\xf3\x0e\x46\xb7\xbb\x5c\x48\x57\xbb\x28"
	"\x8d\x4f\xa9\x95\xde\x38\xa4\x72\x41\xe0\xcb\xa5\xbd\x03\x0c\x13"
	"\x41\x0d\xc7\xe3\x4e\xa2\xe3\x65\xb8\xa8\xd9\xc0\x81\x8f\x74\x03"
	"\x97\xb8\x05\x1a\xb1\xac\x9f\xa3\x8e\xce\x67\xf1\x3b\xe9\xe7\x10"
	"\x94\x66\x88\xf1\xef\x15\xe1\x2f\x98\x58\x56\xce\x06\x68\x66\xf9"
	"\x3f\x25\xd9\xf6\x7b\x31\x02\x1d\x83\xb1\x4d\xb5\xa8\x16\xce\x0f"
	"\xd3\x98\x16\x17\x62\xb4\x30\x82\xdc\xf4\x34\x62\x35\xaa\x4e\x69"
	"\x31\x56\x88\xfa\x95\x54\xc0\x92\x1d\xb3\x2d\xd3\x91\x7b\xf0\xcf"
	"\x0d\x3e\x87\x46\xf4\xf8\x4e\xba\x66\x36\x51\x0b\x44\x7f\x15\x56"
	"\x49\x0d\x57\x80\xcd\xbd\xf2\xae\x13\x21\xab\xdd\x85\x40\x2a\xa5"
	"\x78\xd8\x65\x4b\xe7\x62\x05\x87\x1e\x95\xc5\xa9\xd5\xe4\x79\x07"
	"\xd4\x36\x59\x9c\x1b\x0e\x93\xd7\xc4\x13\x4c\x7b\x6a\xa1\xec\xad"
	"\x04\x03\x58\x9f\x31\xac\x95\x18\xd4\x08\xdd\xe4\xc5\x52\x5b\xb1"
	"\xd6\xbc\x35\xb5\xa3\xea\x93\x65\x81\xed\xf8\x8f\x1f\x9b\x16\x41"
	"\xd8\x99\xd4\x7f\x05\xc7\x6c\xd2\xd3\xfb\x5e\x2c\xf7\x4b\xa9\x05"
	"\x37\x28\x2c\xe0\x37\x5c\x4c\x6f\x4e\x98\xf5\x92\x46\x60\xb6\x6a"
	"\x97\x56\x03\xbe\x30\xed\x0a\x0c\xab\xaa\x59\xe3\xda\x60\x29\xa0"
	"\x16\x03\xb0\xa0\x63\x8e\x00\x47\x23\xda\x1e\xa1\x61\x94\x6a\xbf"
	"\xa7\x12\x38\xa8\x52\xb4\x78\xa7\xf2\xd9\x6d\xab\x94\x94\x1f\xae"
	"\xed\xae\x43\xdb\x7d\xfb\xf2\xf2\x53\x35\x39\x54\x89\x7e\x7e\xfd"
	"\x66\x9b\xd1\x21\x1b\x29\xd7\xb5\x4a\x45\x81\x2e\x39\x51\x5b\x51"
	"\xf4\xf9\x4e\x57\xac\x16\x80\x71\x83\x5d\x10\xa9\xa4\xf3\x19\x72"
	"\xc4\x70\xc1\x14\x94\xac\xc2\xb9\x3f\x01\xf3\xd3\x8d\x61\x19\x8c"
	"\x53\x27\x06\xf3\x19\x03\x79\x9c\x4c\x2d\x85\xa7\x15\x2d\xd2\x18"
	"\xc5\xec\x92\x54\xed\xa5\xb4\x4a\x86\x62\x04\xef\xf5\xe6\x6b\xa7"
	"\x22\x5f\xfe\x7a\xff\x78\x3d\x7f\xfe\xfa\xdd\xe8\x57\x6a\x16\xde"
	"\xe6\x75\x90\x5b\xf3\xa3\xaa\x64\xb5\xc5\x43\x1f\x54\xcb\x89\xf5"
	"\x51\xd7\x9d\x08\xc4\x35\xee\x47\x48\x86\xfe\xfd\xf7\xf7\xf3\xcb"
	"\xd7\x9b\x4f\x4a\xda\x68\x8b\x37\xbf\x7c\x7d\xff\x7e\xfe\xf2\xf7"
	"\xcd\xcb\xd7\x4f\x2f\xcf\xcf\x2f\xcf\x37\xbf\x37\xa8\xdf\x94\x6a"
	"\xf1\xa4\x3a\xdf\xaf\xfd\x5e\x47\xd5\xf0\xc9\x28\xde\xd5\x28\x38"
	"\xf5\x39\xfb\x5a\x9c\x40\x08\x03\x38\xd8\xb9\x2a\x34\x28\x36\xe1"
	"\xc9\x5d\x80\x4a\xdd\x5d\x5a\xa9\x51\x55\x85\x0d\xb9\x9e\x49\x91"
	"\x4a\xca\x72\x4e\x62\xb6\x47\xcb\xcb\x71\x3b\x2f\x10\xab\x8f\x32"
	"\xfe\x3a\xe5\x7e\x86\x8f\x30\x35\x85\x49\xc4\x85\x15\xc4\xf5\x62"
	"\x3b\x8c\x70\xfe\x53\x4d\xcf\x6f\x4a\xf9\x53\x98\xdf\x55\x37\x54"
	"\x1f\xf7\xf1\xf9\xf1\x9b\x9e\xb3\x87\xe6\xb3\xba\xfd\x59\x0e\xd6"
	"\xc0\x87\x00\x7f\x56\x41\xca\x9a\x4e\x0e\xbd\xbe\xd2\x6f\x93\xaf"
	"\x73\xb9\x39\x3c\x3c\x9c\x72\xc1\xf0\x2e\x2b\x49\x2e\x4e\x6a\xef"
	"\x82\x03\x58\x76\xdf\xe7\x35\xec\x70\x22\xb6\x2f\xd6\xe9\xb9\xfd"
	"\x97\x12\x12\xe1\xa4\xd7\xc2\x94\xdc\x25\x8e\xfe\x08\xc4\x01\xa8"
	"\x49\x40\x0b\x81\xb1\x37\x02\xe9\xcd\x02\x2d\x62\x66\xd3\x11\x44"
	"\xc1\xcc\xf0\x68\x0c\x25\x3d\x00\x19\x27\x42\x26\x65\x3f\x87\x75"
	"\x4f\x58\xb0\x1b\xfe\xf8\x1d\x3a\x01\x7d\x7f\x3b\x7f\xbc\x7f\xf9"
	"\xa2\xfe\x8c\x87\x4d\xa7\x69\x42\xb4\x3e\x68\x57\xbc\x40\x5c\xd5"
	"\x6c\x22\x75\x28\x46\x14\xe6\x72\x09\x06\xb9\x6b\xde\xa8\x5f\xfc"
	"\x32\x2b\xa0\x10\x74\xb8\x83\x10\x54\x48\x34\x06\x3d\x34\xd3\x60"
	"\x3a\x30\xc4\x79\xdd\x0d\x51\xb9\xda\xf7\x04\x01\x2a\xbd\x38\x00"
	"\xa2\x00\xa5\xc3\x47\x4c\x2c\x3c\xbc\x88\xaa\x4f\x6d\x6d\x4a\x07"
	"\x83\xdf\x10\x3f\xdc\x67\xb7\xbc\x38\x6d\x6f\x7b\x2d\x70\xed\x0c"
	"\xc5\xc7\xfb\xf9\xfd\xe9\xfd\x4b\xd3\x2b\x06\x7d\x40\xfd\x87\xa9"
	"\x57\x20\x4e\xf3\xbc\x00\xb2\xc9\x93\x4c\xb0\xdd\x9c\x42\xc9\x34"
	"\x59\x04\x95\x87\x37\x42\x7f\x18\x5e\x65\xdc\x18\x07\x3b\xc4\x61"
	"\xa2\x28\x2c\x04\x8b\xb2\xb8\x79\xd2\xd1\xc9\x2d\x5a\x92\x12\x9e"
	"\xfc\x30\x8a\x80\x8c\x89\xee\x87\x53\x67\xed\x91\x50\x3b\x7f\x6b"
	"\x5a\xc6\x2c\x91\x10\xa8\x1b\x7c\x29\xb5\xa2\x2d\xa4\xda\xf3\xc1"
	"\x96\xaf\xe3\x9a\xf0\xf8\xfc\xfc\x0a\x0e\x0b\x6a\xca\xd5\x0f\xfe"
	"\xfe\xbf\xed\xc2\xde\xa8\x1b\xad\xd2\x08\x4c\x06\x25\xc4\x9e\xae"
	"\x05\xa7\x6d\x99\x1f\xba\x24\xe2\x2a\x9d\x77\x5d\xa5\x3a\x78\x50"
	"\x4d\x36\x07\x95\xad\x39\x80\xe9\x3c\x42\xfd\x65\x7f\x44\x2d\xe8"
	"\x9c\x18\xc1\x9c\x64\xd1\x81\xcc\xea\x82\x6f\xba\xe1\x04\xd9\x24"
	"\x73\x5a\x04\x33\xe1\x45\x8e\x9c\x75\x4c\x57\x5b\x66\x51\xf9\xa1"
	"\x57\x59\x38\x3d\x9f\x5f\x1f\xe5\xcb\xbf\x6f\xbe\xbd\xbe\x3d\x9d"
	"\x3f\x2c\xe7\x56\x09\xdc\xa6\x98\xfc\x6d\x97\xfa\x20\x89\x06\x53"
	"\x5e\x37\x5d\x2d\x63\x4c\x58\xdf\x4c\x06\x98\x59\x48\x0b\x41\xc2"
	"\xbd\x1b\x80\xd0\x5e\x3a\x1a\x54\xa0\x0b\x41\x78\x5a\x5b\xc8\x72"
	"\x11\x8c\xd5\x31\xf2\x91\x08\x00\x5d\x48\x34\x73\xbf\xc6\x6c\xd5"
	"\x39\x6d\x82\x49\xd6\xe0\x42\x68\x12\x34\xb5\x99\x0e\x95\x9d\x32"
	"\xae\xf4\xd6\xb0\x8d\xa7\x92\x6f\x34\x68\x98\x85\x95\xb7\x9a\xca"
	"\x7d\xd0\x25\xd1\x99\x5c\xef\x67\x06\x64\x4d\x1d\x36\xd8\x9b\xaf"
	"\x8f\xdf\xbe\x29\x3d\x55\x97\x60\xd1\x05\x74\x01\xcb\x79\x55\x93"
	"\x4a\xe0\xcf\x70\x2c\x7a\xf5\xf5\xd4\x91\x14\x6b\x5c\xbc\x91\xf0"
	"\x3f\x0f\x31\x4f\xd4\x90\xeb\xb8\x74\x29\x85\x35\xb2\x74\xb7\xc7"
	"\x2e\x3d\xc6\xb8\x94\xaf\xa3\x85\x40\x0c\x24\x6a\x40\x0e\x31\xb5"
	"\x2c\x5d\xa0\x3e\x8f\x4f\xbd\x85\x6f\x46\x02\xa8\x3f\x01\x45\xae"
	"\x0a\xb5\xbc\x82\xb7\x73\x88\xed\xba\x2a\x6c\x42\xf4\xab\xbe\xfc"
	"\xfc\xa6\xa6\x5b\xdb\xa7\x73\xb9\xf5\x34\x80\xac\x70\xbc\x2b\x78"
	"\x87\x78\xde\x08\x20\x70\xb4\x96\xde\x9b\xce\x9c\x00\xb8\x80\x73"
	"\x00\x64\xc1\x68\x10\x99\x5d\xa3\xee\xc1\x9b\x78\xf8\xfa\xd7\x25"
	"\x7a\xa4\x61\x54\x9f\xf6\x17\x73\xe7\x8b\x81\x09\x43\x35\xd6\x36"
	"\xbe\x03\x40\x67\xb3\x28\x72\x34\x5e\xc1\x44\x8e\x50\xe6\xd5\x9f"
	"\xbd\x24\xfe\xdc\xb4\x28\xa8\x3d\xd4\x94\x6e\x8f\xbf\xde\xd1\x3a"
	"\xcb\x6a\x92\x6e\x72\xd7\x5d\xf9\x74\x92\xda\x83\x25\xc6\xae\xb9"
	"\x93\x7c\x5a\x97\x94\x0b\x69\x1f\xb7\x5d\x1c\x3a\xde\xfa\x20\xf8"
	"\x53\x62\xc7\x92\x5d\x70\x2a\x69\xb0\x0a\x83\x51\xdc\xd4\xf2\xf0"
	"\x01\xd6\x45\x39\x86\xe9\x10\x56\x27\xe5\x1b\x5b\x30\xaa\x32\xd1"
	"\x34\x79\x3a\x10\x7a\x7b\x64\x5a\x67\x33\x65\x3d\x96\xe7\xab\x08"
	"\xfd\x86\x60\x42\x61\xf2\xf2\x77\xd3\x1d\xd4\x7a\x05\x10\xca\x00"
	"\x14\xe5\x88\x82\xe9\x95\xc4\xf4\xb4\x26\x52\xcd\xe6\xf7\x08\x83"
	"\x86\x90\x8e\x62\xe0\x64\x0e\x48\x7d\x60\xde\xf1\x10\xd3\xe2\xa6"
	"\xf8\x13\xa1\x32\x5a\xcd\x43\xe2\x04\xc5\x22\x58\x22\x63\xc8\x80"
	"\xf8\xe3\x90\xc0\x09\x49\x93\x6d\xae\xb6\xd5\x33\x27\x48\xac\x85"
	"\xf3\xb5\x31\xf9\x85\x40\x0f\x93\x5f\xca\x5f\xdf\x06\x40\x2c\xe4"
	"\xc4\x80\x7d\xf2\xd2\x9b\x7b\x53\x40\x81\xb3\xb6\x4c\x14\x00\x72"
	"\x62\x54\x41\xd1\xca\x9b\x39\x31\x69\x11\x2d\x11\xbb\xef\x0b\x04"
	"\x9d\x21\xda\xe7\xe8\x16\x72\x3f\x47\xd2\xd9\x22\xf4\x9d\x98\x9a"
	"\x99\x59\xbb\xb1\x57\xfe\x7c\x11\x2e\x9c\x68\xd5\xde\x73\x3f\xac"
	"\xc6\x31\x2b\x6f\x14\x13\x84\xcb\x51\xcc\x72\x16\x8e\x61\xc2\x68"
	"\xe4\x59\x82\xaf\x67\xf3\xa5\xf3\xeb\x6f\xc9\x61\x9b\xd4\x73\xe8"
	"\xdc\xdd\x5c\xa5\x54\x23\x10\x0f\x4b\x65\x99\x09\xfa\x1d\x4d\x47"
	"\x40\xe8\x10\x54\x76\xd3\x57\x7f\x7c\xfd\xaf\xde\x03\x21\xd8\x43"
	"\x9b\x69\xd8\x0d\x06\x01\x15\xba\x3c\xcb\x35\xc8\x24\x0d\x6e\x42"
	"\x1c\x36\x81\xfd\x36\x9b\x1a\xa5\xf6\x51\x03\xa2\xfd\x83\xda\xd2"
	"\x27\x55\x51\x02\x2f\x84\xa6\x9a\x1a\x8d\x23\x35\xc8\xd1\xc6\x19"
	"\x99\x96\x69\xee\xc6\x1b\x5f\x21\x1a\x85\x2c\xc2\x71\xc8\x62\x1c"
	"\x62\x6b\xde\x2e\x60\xd9\xb9\xab\xee\x76\x4c\x83\xf9\xc5\xec\x6a"
	"\x9c\x47\x9e\x3f\xa3\xbe\x67\x5e\xb2\x71\x2b\x3b\x5c\x4b\x8a\xde"
	"\xae\x2a\x0d\xd3\x39\x44\xd3\x65\xa2\x6f\x35\xd4\x03\x25\x3a\x10"
	"\x55\x06\x36\x25\xcd\x0a\x5c\x13\x60\x9e\xb8\x68\x63\x4f\x5e\xc0"
	"\x26\x1d\xfe\x25\x15\xf8\x27\xeb\x88\x24\x25\x2b\x5c\xcf\xba\x50"
	"\x90\x6e\xf3\x3b\x1d\x1e\xe4\xa8\xfd\x73\xf5\xed\x14\x5b\x9b\x3b"
	"\x75\x5b\x16\x1d\xba\xf8\xc8\x04\x62\x20\x6d\xc9\xb1\x21\xac\xac"
	"\xe3\x34\x4d\xce\xa2\xe3\x65\x68\x37\xcb\xc9\x59\x1a\x75\x10\x02"
	"\x29\x20\xf4\xb7\x97\x5c\xff\xe0\xc5\xff\x41\xf5\xa7\xb7\x4d\xfd"
	"\xfc\x6c\x7b\x42\x4f\x43\xbb\xc8\x89\x4d\x31\xd2\x04\xed\xb0\x29"
	"\x0e\x97\x3c\x76\xb9\x66\xc7\x75\x21\xe2\xe4\x6e\x53\x26\xb7\x4e"
	"\x4c\xdb\xaf\xc1\x94\x11\x8b\x57\x7d\x9b\x97\xcc\x5a\x8e\xd6\xfd"
	"\x09\x55\x5b\x1e\x96\xc9\xd9\xdc\xab\xe0\x58\x0d\xa2\xa1\x0c\xcf"
	"\x82\x3a\xd1\x07\xba\x1f\xf0\x16\x5c\xa3\xe0\xd4\x50\x69\x77\x6a"
	"\xf2\x22\x29\xc1\xb6\xd7\x1d\x25\xd1\x52\x93\x2b\xa7\x88\xa4\xbb"
	"\xb8\x1b\x76\xeb\x92\x32\x20\x5a\xbd\x0a\xb2\xfc\x48\xee\xf3\x83"
	"\x74\x14\xd7\xdc\xf1\xd7\x04\xd4\x35\x09\x53\x6c\x2d\xcb\x7e\xde"
	"\x71\x7c\x3c\x3f\x7d\x7e\x7e\xff\x6b\xc8\xa2\xd1\x1e\xaa\xe6\x1b"
	"\x79\x2d\x06\xdf\x96\x39\x11\x8d\x0d\x87\x13\xf3\xc0\x58\x09\xec"
	"\xd2\x4e\x90\x36\xf8\x29\x22\x2f\x9c\x00\x5b\x0b\xe2\x46\x35\xb7"
	"\x05\x6e\x50\x7c\x74\xcb\x95\x46\xb5\x98\x55\xf6\x77\xeb\x87\x92"
	"\xe8\xf4\x81\x36\x3f\xf8\xcc\x06\x3e\xb8\x53\xd9\xb6\xb4\xbf\x7d"
	"\x7a\xfc\xfe\xf2\xdc\x7e\x27\xfa\xf8\xf1\x6c\x7c\x1e\x85\x29\xa8"
	"\xed\xe1\xe6\xf7\x2d\x3e\x5e\xce\xaf\x5f\x5f\xde\x7f\x9c\x6f\xb6"
	"\xef\xea\x13\xbf\xbd\xf7\x29\x6f\x9a\x7e\xa2\x96\x68\x38\x94\xce"
	"\x0f\x7a\x4e\xb4\x1d\xa4\xeb\xe8\x56\x42\xf4\x27\x3c\x61\x8d\x19"
	"\xb6\xa6\x9c\x58\xe1\x20\x18\x1e\x5e\x80\x65\xc2\xbf\x7e\xbc\x3d"
	"\xc1\xd9\xf7\x90\xe7\xf4\xd2\x64\x9b\xb8\x67\x69\x05\x29\x97\x8d"
	"\x93\xd1\xb8\x90\x2e\x66\x4b\xc4\xc5\xe1\x22\xc6\x4e\x40\xb9\x1e"
	"\xd5\x45\x18\x62\xd1\x8b\x21\x3f\x91\x41\xb4\xf4\xf0\xab\x3d\x0d"
	"\xd2\x36\xf6\x9b\x34\xa9\x30\x82\xab\x16\xb5\x4b\x29\xe2\xbb\x0d"
	"\x18\xd5\x6c\xe1\xca\x43\x36\x43\x1a\x10\xaf\xc2\xa5\xcf\x8f\x77"
	"\xf8\x63\xaa\x22\xf0\x70\xbf\x3d\xdd\xba\x25\xdc\xa6\xe2\x72\x0e"
	"\xe6\x2d\x04\x6f\xb4\x98\xa8\xdd\x11\x5e\x47\x10\x87\x01\x7a\x93"
	"\xd6\x81\xb8\x2a\xa9\x21\xa1\x53\xbc\x08\xdc\xe2\x99\x4b\x8c\x39"
	"\x3b\x68\x71\x9a\xe1\x45\x73\xea\xcf\x80\x08\xd7\xf5\x7e\x17\x8c"
	"\xeb\x05\x77\x6c\x31\x57\x33\x03\xb4\xa8\xdd\x3b\x45\xc2\x25\xba"
	"\x60\x74\x86\x8a\x55\xf1\x98\xd5\x09\x3c\x61\xaf\x56\x36\x87\x38"
	"\x8a\x0a\xa5\xc2\x7a\x23\xf2\xd0\x2d\x5f\x78\x95\xa3\x1f\xa9\xed"
	"\x68\x88\x05\x0c\xae\x01\xcb\xe5\xc2\x31\xfc\x6a\x40\xb4\x18\x01"
	"\xac\x66\x6e\x40\x34\x77\x02\xd4\xee\x73\xe9\x96\x07\xa1\x5b\xbe"
	"\x1a\xc9\xbf\x8a\x70\xf9\x20\x38\x61\x4f\xb8\x5a\xf6\xe7\x3c\xb5"
	"\xa8\x6c\x02\x7f\xcd\xed\xfd\x26\x79\xd0\xd6\x51\x05\x3e\xfc\x9d"
	"\xd2\x3b\x56\x24\xa5\x36\x52\x43\x21\x6a\x0d\x39\xa0\xc2\x82\x6e"
	"\x42\x35\xf4\xf0\x06\x87\x68\x8d\x2e\x31\x0d\x65\x18\x39\xe4\xfb"
	"\xc8\xc3\x5b\xb3\xcc\x42\xb9\xf0\x71\x39\x04\xda\x74\xce\xe5\x82"
	"\xcd\x97\x8b\x6a\x04\xc3\x43\x0f\x5f\x72\xc4\xfe\x3e\x52\xdd\x3e"
	"\x70\x64\x47\x7c\xd3\xc9\xba\x0a\xbd\x91\xb5\x46\x48\x5e\x24\x48"
	"\x6f\xa9\x0f\x5b\xfb\xbd\x45\xb2\x13\xe1\xb3\x59\x58\x81\x53\x33"
	"\x71\x2c\x3e\x69\x31\x5b\x39\x06\x0a\x9c\x78\x45\x78\xcb\xaa\xc7"
	"\xa4\xdc\xd1\x2d\x48\xca\x11\x62\x41\xf0\xcf\xf5\x3d\xe4\x44\xaa"
	"\x76\xde\xc5\x38\x3c\x5c\x9e\xbd\xba\x52\x1a\xe0\x98\x3f\x6a\xc0"
	"\xca\x73\x03\x02\xff\xff\x19\xbb\xb6\xe6\xb6\x71\x25\xfd\xbe\xbf"
	"\x42\x35\x4f\x33\x55\x73\x76\x78\x11\x29\xea\x6c\xcd\x03\x04\x92"
	"\x12\x62\xde\x42\x90\x92\xec\x17\x95\xe2\x28\x89\x6a\x6d\xcb\x65"
	"\x3b\x7b\x26\xff\x7e\xd1\x20\x29\xf1\xd6\x00\x1f\x12\xdb\xe8\x0f"
	"\x4d\xdc\xd1\x00\xfa\xb2\x50\xd6\x5b\xb4\x8c\x62\x3f\xac\x11\x8e"
	"\xeb\xe8\xbe\xe2\xa9\x01\x9e\xab\xa9\xe9\xd2\x34\x74\x00\xf5\xa6"
	"\x7b\x05\xa9\x36\x37\x01\x12\xdb\x86\x8d\xd8\x95\xee\xa2\xb9\x61"
	"\x2b\x06\xb1\x00\xb8\xc6\x5c\x33\xca\x77\x91\x69\x2d\x6c\x35\x26"
	"\x8a\x6d\x47\xb1\x8e\x14\xd4\x76\xbc\x25\xde\x60\x24\x67\x0f\x69"
	"\x42\x94\xcd\xd1\x60\x54\xad\xb1\x8b\xbd\xb9\x62\x13\x15\x64\xdb"
	"\x54\x0b\x02\x35\x44\xf3\x11\xdb\x31\x74\x5c\x96\xcb\x39\xbe\x30"
	"\x4a\x63\x74\x7f\x61\x7a\x88\x74\x29\x4f\x67\x23\x4e\x70\xae\xaf"
	"\x3b\xb5\xd1\x61\x47\xb1\xfa\x6a\x89\x88\x3f\xc1\xdc\x30\x95\x07"
	"\xfc\x6d\x1a\x15\x04\xd1\x33\xbe\x61\x41\xf7\xbc\xac\xf4\xf5\x79"
	"\x19\x23\x77\xe4\x37\x38\xdc\x81\xc8\x2b\x90\xa9\x19\xb2\x3c\xdd"
	"\xdf\x4f\x05\x0b\x41\x67\x8d\xcd\xbd\x1b\x0a\x4e\x28\x1e\x32\xc7"
	"\xbb\x28\xf4\x01\xa8\x05\xf3\x1d\x1b\x11\x1a\x5a\xa0\x44\xfc\xc8"
	"\x34\x20\x21\xea\x5a\xc8\xb2\xd0\x03\x99\xba\xfe\x23\x89\x63\x3b"
	"\x8e\xae\x86\xe8\xb3\xc7\x0d\xc2\x78\xb4\xb4\x0d\x47\x8f\x72\xad"
	"\x85\xa9\x6b\x2a\xd8\xb6\x16\xe6\x14\x90\xa5\x05\x79\x0b\x6b\x3f"
	"\x01\xa4\x6d\x83\xa8\x5a\x7d\x26\xa0\xdc\x85\xab\x41\x81\x14\xed"
	"\x78\x13\x50\x9e\x3b\x5f\x4e\x41\xb9\xc6\x04\x14\xf6\x10\xdd\x43"
	"\x21\xaa\x43\x2d\x94\x90\x60\xb5\x23\x0b\x40\x96\xad\x5a\x75\x46"
	"\x9e\x4f\x7a\xb4\xe5\x84\x6f\x78\xc6\x04\x10\x22\xcb\xb7\x41\x77"
	"\x07\x7f\x1b\x72\xc4\x1e\xa9\xb5\xc8\x84\xe5\x43\x80\x19\xa6\xb5"
	"\x60\x5b\xcf\x33\xdc\x49\x28\x6f\x12\x6a\xa9\x45\xed\x62\x0d\xe2"
	"\x7a\x3d\xaa\xc1\x71\x21\xeb\x1a\xae\x6e\x8a\x0a\x89\xc1\x31\x5d"
	"\xdb\xd2\xc3\x5c\xcb\xd6\xb6\x44\x25\xb3\x59\xf6\x24\xd8\x62\x3f"
	"\x05\x66\x4e\x2a\x9b\x63\xcd\x75\xdc\xb6\xa8\xa9\x48\x4e\xd1\x08"
	"\xc6\x70\x81\xd8\x0a\x9f\x7a\xbb\x2b\x7b\x06\x4d\xc7\xd9\xe3\xe5"
	"\x6d\xc4\xb3\x74\x95\x0b\x8f\xbd\x5a\xd1\x2b\x3f\xa5\x87\x62\xab"
	"\x7e\xc3\x93\x58\x30\x89\x2b\xc4\x9e\x3b\x09\x9c\x13\x88\x86\xa4"
	"\xc7\x71\x3f\x9f\x80\xa2\x01\x55\xf9\xc9\xa8\x30\x69\x52\xe4\xe0"
	"\x93\xb8\xf5\x18\xba\x65\x7e\x20\xe3\x52\x75\x83\x69\x41\xe2\x76"
	"\x1e\x59\x10\x9b\x00\xac\xf5\x48\xc6\x46\xcd\xeb\x1a\xdc\x30\x37"
	"\xf1\xb7\x0a\x99\xa6\xc2\x54\xf2\x4c\xcc\x12\xe9\xef\x3d\xe9\xc5"
	"\x6e\x6f\xa0\x50\x8c\x38\x88\x2d\x88\xe2\x5d\x15\xf4\xa6\xc4\x3a"
	"\x72\xf9\x29\xab\x2a\xa3\x03\x74\xc7\xc3\xee\xf4\xe5\xf1\xf8\x3c"
	"\x34\x52\x97\x01\x03\x64\x71\x68\x44\x78\x2f\xdc\x41\x8b\xd0\xf3"
	"\xc0\xdd\x02\xad\x79\x46\xc9\xdf\xcf\x5d\xdf\xec\xb1\x83\x29\x9a"
	"\xcb\xb2\x15\x5b\xc3\x45\xe4\x48\xc9\x32\xf2\x90\x59\x7c\xfd\xe0"
	"\x61\x15\x24\x9f\x35\x10\x69\xac\xa9\xc3\x64\x8c\x98\x1a\x8c\x5f"
	"\x50\x8e\x5d\x39\xdc\x50\x41\x91\xc6\x5c\x83\x09\x59\x12\x64\x4c"
	"\x57\xa6\x4f\x01\x3c\x88\x7c\xd2\xa1\x22\xf0\x44\xb6\x42\x62\x86"
	"\xde\x70\x77\xe2\x9b\x88\x3f\xdd\x16\x28\x4d\x18\x25\x1a\x50\x4c"
	"\x72\x5d\x05\xe3\x5c\x6c\xe9\xa6\xa1\xe3\x94\xec\x3c\x43\xd7\x0a"
	"\xe9\xd6\x31\x97\x7a\x8c\x3d\x9f\x82\x39\xe8\x38\x09\xe1\xdf\x42"
	"\x6e\xf1\x3a\xa0\x85\xad\x18\xd7\x2d\x94\xa9\x1b\x54\x3c\x98\x1b"
	"\x5a\x4c\xb2\x14\xa5\xb2\xbc\x49\x30\x5d\x7b\x72\xd1\xc5\xfb\xd5"
	"\x14\x90\x6e\xe4\xc1\x7f\x8e\x61\x4c\x42\x99\x93\x50\xce\x24\x94"
	"\x3b\x09\xe5\x4d\x41\xb9\x53\xca\x65\x3a\xfa\xa6\xff\xbc\xd4\x17"
	"\x1e\x30\x54\x0f\xb2\xf5\x5d\x58\xdc\x19\xe6\x5c\x0f\x32\x4d\x5b"
	"\x5b\x28\x58\x82\x3d\x6d\x1f\x96\x09\xe8\xf0\x68\x50\x85\x6b\xea"
	"\x16\x47\x71\xce\x44\xdc\xd8\xb6\x31\x65\x86\x05\x33\x69\xa1\xb6"
	"\x9e\x63\xeb\xa6\xe0\x96\x1a\x98\x86\x75\x0b\x24\x56\xbc\x58\x83"
	"\xd9\xb3\x5c\x86\x4e\xa0\x4c\xb7\x82\x3e\x50\x5b\xb1\xa3\x65\x3b"
	"\xaa\x90\x04\x60\x13\xc2\xab\xf4\x90\xdb\xee\x5c\xc1\x5b\x74\xf8"
	"\x2e\x58\xa9\xea\xc2\x2d\x0b\x39\x72\x56\xdf\x17\x98\x62\x3b\x7c"
	"\x1d\x96\x22\xc3\x9f\x33\x41\xfa\xfd\xf8\x72\x7c\xba\x7c\xff\xeb"
	"\xeb\xf9\xfb\xf9\xe3\xf8\xf4\x87\x54\xa7\x1e\xb1\xc7\xaf\xd8\x09"
	"\x69\x05\xbb\x25\x12\xe2\xcc\xd5\x1a\xa1\x89\x3e\x86\x02\xaf\x62"
	"\x8f\x06\x27\xf5\x6b\x47\x40\x95\x5e\x7b\x25\xf8\x9e\xbe\xce\xe2"
	"\x98\xfe\xc5\x85\xd4\xd9\x18\xa7\x76\x4a\x4e\xef\x2b\xed\xb3\x31"
	"\x87\x6f\xed\xca\xad\xca\xd0\xea\x3d\x2f\xdf\xd2\x6b\x59\x70\x90"
	"\x2e\x2a\x91\xb6\x4d\xae\x5a\x39\x62\xa9\x4d\xd3\x95\xea\x8e\x2f"
	"\x8f\xe7\xa7\xa7\xe3\xdb\xaf\x9b\x8d\xf4\xc7\xcf\x17\xf1\xf3\x4f"
	"\x51\x9c\x97\xf7\x0b\xfc\x72\xb6\x1e\xc5\x5f\xaf\xe7\x3f\x67\xdf"
	"\xde\x2e\x2f\x1f\xa7\x97\xaf\xef\x7f\xf4\xc5\x40\x90\x5e\xf3\xad"
	"\xb4\x1a\xaf\x5d\xc3\xd5\x9f\x21\x3f\xbf\x9e\x2f\xa2\xff\x1e\x2f"
	"\x5f\x25\xd7\xd7\xb7\x8b\xe8\x48\x60\x2c\x4d\xd0\x9e\xcf\xff\xb4"
	"\x0c\x03\x72\x9f\x5f\xa1\x4d\xda\xf6\xfc\xf5\x74\x41\x52\x81\xc3"
	"\xb1\xf3\x81\x2e\xfd\xf4\xd2\x4d\xa5\xc7\xe7\xd3\xdb\xb1\xae\x59"
	"\x6b\x50\x55\xbe\xf2\x9e\x8e\xef\x3f\xfa\x89\x15\x9f\xf3\xb3\x28"
	"\xf6\xff\x9d\x9e\x4f\x2f\x1f\x33\x30\x13\xbf\x92\x65\xed\xfe\xaa"
	"\x40\x8f\x17\x81\x12\x55\x03\x85\x81\x0e\x48\x9c\x2b\x66\xb2\x51"
	"\xbb\xc9\xf1\xf9\xfd\xf1\x24\xda\xfe\xe5\x74\xf9\xf9\x3e\xfb\x71"
	"\x7a\x7a\xed\x23\x78\xd5\x03\xb3\x9f\xa0\x78\x21\xb8\xbe\x5f\x1e"
	"\x0f\x8f\x55\x15\xaa\xde\xba\xb2\x92\x7d\x09\xb7\xb2\xe4\x36\xde"
	"\x24\xa5\xb8\x5c\x9e\xde\xc1\x9e\x4f\xd4\xeb\xf4\x74\x79\x9d\xbd"
	"\x9c\xfe\x73\xeb\xc6\x06\xb5\x7e\x3b\xbe\xfe\x38\x3f\xbe\x0f\x8f"
	"\x6e\x7e\xde\x0a\x33\x27\xfe\x00\xff\xc7\xec\xe0\xf3\x8e\x05\x23"
	"\xa4\xfb\x99\xe8\xfc\xfd\x98\xeb\x87\x2e\x4c\x1a\x44\x21\xa6\x9f"
	"\x37\x80\x18\x43\x61\xdf\xf8\xb2\x05\xba\x8b\x79\xed\xa7\xa0\x5f"
	"\x8c\x50\x1e\xa2\xd4\xaa\x5a\x80\x03\xbf\x18\x07\x31\x72\x35\x6e"
	"\x17\xeb\x9a\xd1\x80\x22\x25\x29\x8a\x5e\xfb\xac\xc5\x22\x02\x9a"
	"\x26\xd7\xe2\x5d\x4d\x81\xea\xc1\x38\x13\x23\xaf\xd7\xd9\x9d\xcf"
	"\x55\x0e\x34\x16\x06\x22\x82\x34\x10\xce\x22\xcc\x40\xa6\x81\xc8"
	"\x48\xa1\x3e\x59\x2e\xbd\xfd\x34\x1c\xa2\x66\x00\xb8\x8d\x1f\x21"
	"\xd2\xbf\x1c\x14\x10\x44\xcf\x67\x3c\xeb\xc5\x39\x6f\x74\xdf\x66"
	"\xbf\x57\xcb\x00\xbd\x64\xcd\xf4\xff\x03\x4c\xb5\xbf\x9d\xbf\xff"
	"\x7c\x3b\x82\x8a\xcd\x75\x42\xc5\xfe\x2c\x3a\x7f\x79\x83\x15\xe9"
	"\xed\xf2\xf3\xe3\xfc\x72\x1a\xb4\xd0\x76\x1d\xe0\xe3\x67\x7b\x87"
	"\x9c\x8c\x80\x58\xfa\x11\x4a\xcb\x29\xc9\x41\xc7\x6a\xe3\x23\x37"
	"\x49\x57\x50\xb4\xf5\x39\x32\x1c\x6a\x37\x38\xeb\xac\xec\x8e\x8a"
	"\x8c\x24\x41\xd4\x0c\x06\xff\xfc\xfe\xfa\x74\xfc\x35\xcb\xc4\xd4"
	"\x7f\x1a\xd4\x4e\x42\xa5\xde\x18\xec\x31\x62\x14\x47\xf8\xd0\xac"
	"\xb0\x0c\x5c\x41\xdd\x89\x1f\x4b\x1b\xd1\x1f\xba\x61\xeb\xd0\x3c"
	"\x87\xc8\x5f\x62\x36\x0a\x37\x70\x24\x70\xeb\xb9\x83\x5c\x9c\xde"
	"\x70\x39\xe1\xd9\x2a\xc8\xf3\x7b\xb0\x8a\xbe\xf9\x23\x9d\x58\x14"
	"\xee\x06\x1e\x21\x06\xd2\xa2\xab\x9c\xf9\xeb\x60\xa4\x35\x6f\x94"
	"\x4e\xa3\xb2\x26\x2a\xd8\x6c\xf5\x76\xfe\xfa\x7d\x38\x7a\xaa\x6b"
	"\x26\xb6\x17\xbf\xec\x17\x98\xec\x00\x40\xea\x27\x1c\x56\x3a\x7c"
	"\x61\x28\xe3\x95\x18\x8c\xe2\xd0\x8e\x04\xea\x96\x0b\x8d\x18\x2c"
	"\x4a\x77\x92\x72\xfe\x80\x0f\x3e\x70\x2f\x2c\x04\x2c\x3f\xdb\x83"
	"\x3a\xce\x3a\x38\xac\x3c\xc7\xd8\xda\x87\x70\x87\xe6\x83\x99\x9b"
	"\x15\x89\x3d\x77\x55\x5d\x99\x13\x3f\x38\x64\xdc\x73\x15\xa3\x43"
	"\x2c\x27\xe2\x1f\xf3\x30\x0d\x97\x0a\xc3\x96\x86\xb5\x57\xd2\x2d"
	"\x1b\x5f\x93\x8a\x0d\x4b\x02\xf1\x3f\x75\x6d\xd1\x2a\xa6\x61\x29"
	"\xa0\x29\xdf\xb0\x15\xa9\x5e\x46\x17\xee\x02\x07\x8a\x11\x17\x66"
	"\x73\xd3\x50\xae\x70\xc4\xdf\x2e\x1c\xe4\x98\x2c\xc7\x44\x4e\xb3"
	"\x75\x89\x2f\x7e\x10\x8f\xfd\x8e\xe5\x2c\x51\xf4\xa0\x22\xda\xa2"
	"\x04\xec\x79\xb8\x52\x54\x23\xb9\xf7\x73\x7c\x55\xcb\x22\x53\x51"
	"\xfc\xca\x85\x23\x32\x81\xaa\xc9\x92\xe6\x2c\x48\x0a\xb9\x27\x1e"
	"\x3e\x97\x2c\xbf\xe3\x5d\x33\x0d\xb1\x62\xb5\xae\xf1\x7a\x04\x58"
	"\x88\x44\xc6\xbf\x7f\x7b\xfb\xfe\xcf\xec\xeb\xe5\xf9\x38\x7b\x36"
	"\xff\xdb\x34\x03\xdf\x99\x5b\x8e\xbb\xb4\x7f\xeb\x67\xa8\xfc\x60"
	"\xcb\x97\x87\xd1\xfb\x5e\x80\x05\xfe\xd8\x35\x6a\x25\x89\xbd\x09"
	"\x21\x67\xf6\xe5\xe7\xb7\x6f\xe0\xc6\xa3\x7f\x8d\x18\xae\xc4\x06"
	"\x0b\x51\xe6\x5a\xab\x82\x48\x4b\xd2\x82\x85\xf7\xed\xa4\xf6\x27"
	"\x9b\x5d\x5e\xee\xf9\x63\x21\xcf\x05\x53\xf1\x2f\x64\x51\x94\x57"
	"\xd2\x6b\x97\x40\xd3\xec\x5e\x64\x27\x03\x02\x83\x60\x4c\xab\xa8"
	"\xeb\xda\x08\x38\x09\xb9\x9d\xad\x13\x31\xf5\xc5\xc0\x18\x1f\x37"
	"\x02\x05\xa6\x84\xb5\xa8\xc0\x31\x0c\xec\x00\xf0\x81\xa2\xe7\x8c"
	"\x6f\xd8\x54\x3f\x1a\x8f\x48\x23\x96\xe2\xa1\x0c\x55\x4b\xb1\x5d"
	"\x5c\x90\xd5\xc1\xdd\x04\x80\x9b\xbe\x54\x15\x44\xe9\x31\xa7\x65"
	"\x88\x92\xb1\xcd\x17\x1a\x71\x25\x04\xa7\x7d\x31\xc7\x6e\x7a\xc2"
	"\x55\xf3\xca\x8e\x36\x64\x50\xe4\x69\x92\xc6\x01\x06\x90\x41\x5d"
	"\xf9\x26\x08\x0a\xb4\xf8\x2c\xce\x22\x34\x3f\xe7\xa2\xf2\x06\x66"
	"\xd7\x45\xef\xa4\xef\xa0\x83\x68\x5e\xc5\xe3\x80\x3c\x8b\xb5\xbb"
	"\xbc\xe5\x99\xce\xef\x3a\x05\x11\x5b\x54\x3a\xa6\xf2\x9c\x96\x89"
	"\xdf\x32\x59\xed\xfd\x51\xb9\xcb\xeb\x26\x65\xed\x10\xd2\x75\xc2"
	"\x21\x88\x7a\x19\xfd\x98\x54\x1e\x6f\x86\xf8\xcd\xce\x0f\xb2\x6e"
	"\x52\x4e\x76\x31\xf3\x59\x37\x11\xac\x4f\xe4\xb9\x36\x0d\xc3\xda"
	"\x99\x6b\x8b\xfa\x89\xd0\xbb\x61\x4a\xe3\x92\xb8\xfb\x2a\x02\xd4"
	"\x94\x73\x90\xe2\xc7\xda\xa0\xae\xc3\x48\x5d\x37\xf9\x48\x22\x04"
	"\x36\x02\x55\x60\xf9\xfa\xc1\xbb\x34\xe9\xb4\x5f\x9c\x58\xf8\xdf"
	"\xb6\xd5\xfd\x7e\xdd\x8b\x87\x34\xf2\x91\x37\x19\x59\x8e\x3c\xa5"
	"\x87\xb0\xc7\x74\x0b\x4a\x89\x10\xa2\x5e\x10\x43\xde\xaf\xd8\x8d"
	"\xda\x77\xbd\xd8\x81\xa1\x9e\x91\x80\xc5\x88\x6b\x24\x28\x72\xf0"
	"\xb9\x04\x33\x82\x1c\x67\x8a\x5c\x5c\x6c\xfc\x7f\x49\x01\xbd\xe5"
	"\x4e\x17\x5a\x13\x2c\x92\x21\xec\x6f\x94\xc2\x79\xe3\x21\xf8\xdb"
	"\x9d\xb7\xe9\x95\x3f\xa7\x56\x42\x27\x9e\x77\x9d\x20\x4e\x85\x3e"
	"\x4b\xfb\x45\x95\x11\xd8\x89\x89\x5c\xd9\x36\x08\x4a\x18\xf9\xac"
	"\x44\xb8\x21\x16\x88\xaa\x41\x6c\x58\x88\x99\x1b\x01\x64\x45\x7d"
	"\x0b\x73\xc1\xdd\xb0\xc8\x52\x5f\x47\xdf\xa8\x11\x45\x9a\x04\xe8"
	"\xb3\x62\x03\xda\x92\x9c\x91\x3d\xd2\xe5\x3c\xa5\xdd\xa6\x15\x09"
	"\x57\x7b\x1f\xc5\xe4\x05\x58\x33\x31\x07\xe3\x45\xd0\xc4\x79\xeb"
	"\x00\x07\x34\xac\x60\x95\x25\x80\x40\x2a\x06\xea\xd5\xbf\x1d\xb3"
	"\x46\xee\xc4\x2e\xb4\xbe\x03\xfa\x26\x0e\xbe\xe1\xdb\xe9\xf4\xfe"
	"\x78\x7c\x3a\xcd\x68\x56\xde\xae\x65\x2e\xcf\xcf\x97\x97\x16\xb4"
	"\x8e\x91\x3c\x92\xe5\xdf\x1d\x83\xa0\xba\x12\xe0\x0c\x8b\x60\x3a"
	"\x0e\x6d\x10\x27\x4c\x8f\xe1\x13\x30\x99\x8f\x78\x80\x6b\xa3\x02"
	"\xdd\xe7\x58\xbc\x87\xe9\x81\xf9\xa1\x04\x98\x68\x52\xd0\xbe\xb7"
	"\x4c\xa3\xdf\xba\x23\xdc\xd6\x4a\x3a\xd9\x79\x8b\xde\x33\x57\x1b"
	"\x11\x93\xbc\xc8\x08\xa0\x3c\x53\x7a\x46\x1d\x30\x00\x37\x42\x8a"
	"\x19\x5b\x41\x50\x5f\x40\x6d\x08\xa2\xb7\x72\x83\xa0\x8e\x7e\x6e"
	"\x90\xbb\xaa\xc8\x87\x6c\x93\x26\x81\x1e\x9b\x93\x18\x31\x5b\xbe"
	"\x4d\x13\x3f\xa0\x7f\xff\xf6\xfc\x01\xda\x3b\xbf\x75\xa5\x55\x9e"
	"\x05\xe4\x0e\x59\x58\x65\x68\x20\xb8\x42\x09\xc9\x12\x33\x0e\xaf"
	"\x78\xdc\xd5\x3e\x36\xc0\xe9\x16\x0a\xdb\x64\x70\x44\xe5\x3b\x56"
	"\x74\x63\x60\x8c\x54\x6a\x55\xd0\x2d\xf7\xfb\x92\x35\x88\x12\x87"
	"\xc2\xd7\x55\x37\x09\x76\x70\xee\xd9\xf4\xb3\xcb\xf5\xfa\x50\x94"
	"\x89\x38\x36\x30\x38\x9e\x6b\x0c\xaa\x2b\x3c\xa7\x19\x54\x50\x6c"
	"\x79\x60\xdf\xaf\xcd\xb4\x4d\x77\x42\x6a\xca\xc5\x21\x97\x25\x4a"
	"\x70\xbb\xba\xd5\x97\x7c\x3e\x8c\x09\xce\x8b\xf8\xfc\xf8\x76\x39"
	"\x3d\x9d\x1e\x3f\xde\x2e\x2f\x70\x93\x29\x92\x6c\x6b\x06\x0b\x57"
	"\x75\x41\x3c\xe6\x27\xbc\xe6\xbd\x17\x27\xc8\x35\x41\xe7\xd7\xc3"
	"\x1e\x69\xcd\xeb\xc4\x83\x13\xe6\x75\x3f\xac\xbf\x20\xc6\xd2\x98"
	"\x18\x7e\x9d\x8c\x74\xb9\xa8\x46\x9c\x7a\xce\xfa\xa4\x34\x75\x93"
	"\xae\x02\xb9\x78\xfc\xcc\x01\x10\xf5\x1c\xd8\x02\x2e\x0c\xcc\x7d"
	"\x5f\x03\xba\x13\xc7\xee\xb9\x0e\x82\x19\xce\xb7\x20\x8e\xa3\xe5"
	"\x82\xbd\xfa\xb5\x21\x73\x5d\x71\x1d\x1b\x51\x4d\x6c\x41\x1c\x5d"
	"\x71\x23\xea\xb8\x96\xba\x30\x2b\xdf\xf2\xb4\x18\x31\x47\x68\xaa"
	"\x84\x50\x6e\x3b\x91\x6d\x4d\xc0\xd8\x13\x30\xf3\x09\x18\x47\x83"
	"\x99\x5b\xd1\xdc\xd2\x63\x1c\xfd\x48\xac\x70\x53\x78\xb9\x7a\xcc"
	"\xc2\xd6\x62\x5c\x7d\xd5\x16\x86\x1e\x32\xad\x62\x0b\xfd\x04\x03"
	"\xd8\x7e\xef\x4d\x61\x67\x8b\x63\xa7\x16\x33\x5f\x6a\x20\x8e\x1d"
	"\x69\xd8\x04\x7c\x61\x6a\x46\x89\x80\x58\x73\x53\x03\xf1\x6c\xd3"
	"\xd5\x42\x2c\x7d\xd5\x6b\x98\xae\x25\xd7\x45\xec\x6a\xd6\x47\x96"
	"\x24\x29\xf8\x22\x36\x6c\x75\xc1\xc4\x61\x70\xe9\x39\x9a\x25\x4d"
	"\x82\xdc\x85\x1e\xb3\xb4\x26\x80\x6c\x9d\x98\x23\xbf\xa6\xee\xb8"
	"\x98\xc7\xde\xd2\x74\x0f\x3b\xea\xab\x62\xbd\x8f\xc1\x6b\x35\x4a"
	"\x25\x5e\x1c\x29\x4c\xd7\x33\xb5\x98\x85\xb7\xd4\xf6\xa9\xc4\x2d"
	"\xf7\x93\x71\xba\xce\x07\x9c\xe7\x4e\xe3\x07\xb8\x09\xfc\xc4\xe8"
	"\xf5\xc8\x14\x86\x15\x70\x02\x47\xc7\xb4\xfe\x99\xc2\x50\xe2\x74"
	"\xfc\xf2\xc2\x71\x35\xf3\x0b\x20\xb6\xba\xbf\xf8\xba\x88\x1c\xd5"
	"\xb1\x57\x82\xe4\x7d\xd8\x41\x86\x01\x09\x99\xe2\x56\xa1\x02\xe7"
	"\x61\x2d\xa0\xe9\xa5\x1a\xfd\xf1\x89\xf3\xd8\xc2\xac\x2e\xda\x18"
	"\xd7\xb0\xb4\x4d\xd6\xe0\x74\x5d\x20\x70\x73\x47\x33\xb3\x79\x41"
	"\x30\x65\x9f\x36\xc4\xd1\xb4\x6c\xc1\xc4\x51\x54\x7d\x9a\x2b\x08"
	"\xb7\x1c\xcd\x0e\x29\x30\xa8\xc5\x60\x1b\xb3\x30\xf7\x7a\x8c\x65"
	"\xe8\x30\x42\xc2\x52\xaf\x8d\x85\x4f\x16\x73\x53\xbd\x15\xc9\x53"
	"\x92\xe6\x88\x58\x44\x5b\xdb\x32\x08\xa3\x96\xad\xed\xb5\x36\x56"
	"\x37\x12\xae\x58\xdb\xdc\xef\x27\x22\xad\xfd\x7c\x7a\x19\x24\x7a"
	"\x7a\x29\x34\x65\xe0\x36\xb1\xac\x45\xa0\x01\x55\xa2\x84\x1e\xa4"
	"\x11\xb2\x77\xb1\xe7\x98\x86\x16\xa2\x11\x6b\x25\x44\xff\x21\x4f"
	"\xfb\x21\xcc\x51\x46\x1b\x62\x79\x5a\x88\xad\xe7\x62\x2f\xb4\x90"
	"\xb9\x9e\x8b\xa3\xaf\x91\xa3\x6d\xba\xc5\x42\xcf\x65\xe1\x6a\x21"
	"\x9e\xa5\x83\x78\x86\x7e\x50\xd7\x30\xdd\x68\x06\x5b\x4e\x43\x5b"
	"\xb3\xa5\x6b\xe8\x21\xda\x62\x2f\x17\x73\x3d\x44\x3b\x28\x84\x8c"
	"\xa7\x84\x3c\xc8\x4b\xb9\xa5\x9b\x59\x96\x56\x36\x5b\x38\xda\xcb"
	"\x2e\xdb\x31\xf5\x90\xa5\xf2\xa6\x07\x2e\xa4\x0e\x84\x52\xbf\x1d"
	"\x7d\xb8\x9b\xbf\x21\x3f\x8f\x7e\xc0\xd5\x34\x7f\x42\x4a\xcf\x99"
	"\xeb\x31\x9e\x39\x01\xa3\xdb\x24\x32\x22\x4e\xf3\x06\xb1\x74\x42"
	"\x8c\x63\x28\xda\xb6\x92\x4d\x28\xe6\xfa\xa1\x85\xe1\xb4\x54\xe3"
	"\x2a\xa9\x65\x9d\x93\x6c\x33\x1d\x38\xc6\xb5\x7a\x4a\x61\xfe\x50"
	"\x8b\x4e\x24\x76\x3c\xef\x31\xff\xe6\xb2\xb4\xc8\x83\x64\x5d\x8c"
	"\x5d\xf5\x09\x58\x4e\x76\x2d\x0b\x98\x8a\x4d\x8b\x49\xfd\x00\xd0"
	"\xdc\x3a\xf1\xd7\xd3\x23\x04\xc6\x83\x32\x8c\xdc\x3d\x41\x0e\x32"
	"\x87\x50\xd9\xe3\x5e\x5a\x80\x4c\x69\x89\x47\xdf\xad\x10\x79\xb9"
	"\x1f\x2f\xec\x81\x64\x59\xd7\xb5\xd2\x35\x91\xe5\x38\x43\x8e\x28"
	"\x7d\x4b\x62\x09\xef\x4f\x28\x79\x15\x44\x77\x88\x52\x46\x45\x2e"
	"\xd2\xec\x10\x86\x28\x80\x6e\x40\x6b\x49\x41\x66\xe2\x2f\x05\x3d"
	"\xcd\x39\x51\x54\x8d\xa6\xe5\x9a\xe0\xe4\x2c\x4f\x7d\x06\x01\x7d"
	"\x71\x06\x52\xad\x04\x27\x67\x16\x16\x64\x5b\x92\x2b\x3d\x63\x94"
	"\x2e\x46\xd7\x3a\x4d\x72\xcc\xc5\x1f\x40\x82\x98\xab\xda\x2f\x88"
	"\x48\x82\x8c\x05\x50\x02\xee\x05\x75\x93\xa9\x29\xce\xec\x41\xb4"
	"\x05\x4a\x5d\x07\xf1\x8a\x21\x93\x53\xd2\x43\x44\x7d\x06\x88\x9b"
	"\x34\xc2\x74\x73\x64\xde\x34\x5d\x8b\x95\x62\x43\x62\xcc\xc0\x5e"
	"\xa2\x0a\xd7\xb3\x71\xb2\x28\xbc\x7a\xe6\xdc\xdd\xe3\xed\x5c\x52"
	"\xd0\x49\xa3\x28\x7d\x47\x22\xcc\x7c\x5e\x16\xed\x3e\xc7\xd5\x5d"
	"\x01\xc0\xc0\xc3\x1c\x4e\x2d\x70\xda\x27\x82\x45\x4d\x06\x6a\xb1"
	"\x63\xc9\x86\x24\x8a\x46\x49\x20\x66\x46\xa1\x28\x5a\x44\x71\x77"
	"\xd5\x92\x1e\xf8\x0a\x5a\x92\x6e\xf1\x11\x05\x6d\xda\x5f\xee\x5a"
	"\xe4\x98\x88\x26\x8f\xd3\x92\x0f\xd6\xac\x98\xdc\x87\x11\xe1\x78"
	"\x5f\xe6\x41\x35\x79\x30\xce\x0c\xfc\x96\xa5\x61\x31\x60\x9c\x26"
	"\x62\xd5\x0f\xee\xb1\x7c\x65\x54\xb0\x2a\x82\x7b\x67\x9d\x4f\x20"
	"\xf0\x6c\xe2\xa7\x7d\x76\x49\xc1\xd0\x22\x26\x45\xce\xd6\x28\x35"
	"\xcd\x55\x13\x22\x23\x09\xf8\x8f\x8c\x52\xc5\x84\xcb\x82\x44\xb4"
	"\x5d\x52\x28\x00\x05\x89\xee\x91\x30\x3e\x12\x00\x51\x2d\xa9\xe2"
	"\x0b\x62\x75\x01\xad\x1e\x2c\x48\x75\xb5\x86\xb2\x98\xec\x15\xfd"
	"\x24\x18\x28\x46\x7e\x9e\x52\x4a\xf0\x2a\x88\xd5\x5d\xd5\x4c\xb5"
	"\x06\x2b\xd2\x99\x5c\x6c\x1d\x9d\x67\x54\xf1\xb7\x6a\x31\x95\x51"
	"\x79\xd1\x78\xeb\x12\x51\x04\x24\x56\x51\x83\x08\xe2\x7e\x06\x78"
	"\x73\xa9\x8c\xac\x64\x7b\xc4\xf8\x80\x5a\x83\x4e\x2f\xe1\x8a\xfd"
	"\x48\x3e\xc8\x7e\x4a\xef\x95\x9f\x28\x98\x62\xc6\x8a\x45\x8e\x07"
	"\x8a\x09\x0f\x2a\xa4\xeb\x58\x41\x86\xc0\x97\x95\x76\x0c\xbe\xd6"
	"\x82\x54\x75\xc8\xb8\xad\x58\x6d\x31\xe7\x88\x92\xca\x58\x9c\x2a"
	"\x56\xcc\x3d\x13\x13\x03\xa5\x3e\x04\x79\xaa\x6c\x9f\x87\x7b\x5f"
	"\xc8\x58\x8a\x05\x93\x8b\x35\x35\xcd\x0f\x1b\x24\x02\x9c\x14\x9b"
	"\xa2\x91\xd8\x51\x60\x47\x35\x2a\x9d\x56\x6a\x32\x03\x09\x35\x1b"
	"\x55\x94\xac\xc1\x2d\xf3\x70\x19\x8b\xb1\xc3\xb7\x1b\x4f\x12\x65"
	"\x93\x6e\x28\x3b\x80\x62\xa3\xd8\x7b\x2b\x35\xc9\xae\xb5\xf7\x40"
	"\x1f\x55\xea\x04\x49\xd5\xd2\x6e\x1a\x3c\x63\x8b\xdd\x9b\x1f\x36"
	"\xd4\xef\x50\xda\x55\x92\xc0\x24\x11\x4b\x16\x0d\xe4\xe3\xb7\xa8"
	"\x02\xa3\xc1\x48\xe4\x9d\x8e\x5d\x0e\xb4\x5a\xad\x8e\xd2\x6d\xb1"
	"\xc6\x5f\x33\xe8\xf1\x31\x5e\xf4\x3f\xd5\xd5\x3a\x43\xcd\xe5\xd2"
	"\x62\xad\xa2\x1d\x76\x1b\xb1\x02\x45\x8c\x17\x4a\xd4\x2a\x92\x1a"
	"\x88\xbc\x40\x47\x05\x20\xc5\x4e\xca\xc1\xa3\xf6\x1a\x3c\x86\x83"
	"\xb7\x56\xec\xd1\x5d\x5a\xd5\x23\x23\x10\x68\x3b\xd9\x11\x2b\x12"
	"\x8e\x8f\xb1\xcb\xfb\x87\x26\x0e\x9f\xcc\xef\x2e\xf6\x86\x01\x5d"
	"\x86\x7e\x67\x0f\x03\x44\x05\x08\x74\x80\x74\x5f\x5a\xa6\xb1\xc9"
	"\x94\x20\x88\xb3\x60\xba\x7b\x25\x26\x14\xcd\x0c\x4a\x38\x2a\x0c"
	"\xc4\xa4\x01\x37\x99\xca\x02\xe9\x4a\xcc\x23\xcf\x54\xb3\xc8\x3d"
	"\xe2\xba\xce\x72\xa1\x04\x09\x5a\x65\xab\xd8\x0f\x56\x72\xed\xa6"
	"\xda\xcf\x32\x7d\x3a\xbe\xbf\x0f\x9d\x3b\xc8\xd9\x42\xe3\xfe\xa8"
	"\x96\x4a\x8b\xa3\x71\x9c\xe5\xb8\xf0\x07\x19\x8a\xae\xe7\xc7\x2a"
	"\x8e\xbb\x58\x3d\xff\x3d\xab\xcc\x49\xd3\x1c\x1c\x6c\x7d\x3d\xbd"
	"\x82\x39\x1a\xd8\xb8\x71\xca\xd9\xec\xcb\xcf\x8f\xd9\x2a\xba\x93"
	"\xe1\xab\xb9\x3f\x7b\x3e\xfe\x6a\x54\xc5\x8e\x4f\xef\x97\xd9\x97"
	"\xd3\xec\xe5\x74\xfa\x7a\xfa\xfa\x3f\x32\x4c\x5d\x9b\xd3\xe6\xf4"
	"\xf4\x2a\xd5\xc6\x9e\xc1\x13\xc9\xf9\xe5\xdb\xa5\x5b\xa7\x1a\xd7"
	"\x2f\x66\x9d\xac\xf0\xa3\xd1\x46\xc1\x99\xb4\x27\x17\x8c\xf1\x22"
	"\x05\x09\xc9\xaa\xb7\xa6\xd5\xc4\x50\x6c\xa6\xd5\xf9\x68\x84\xc8"
	"\x38\x28\x25\x8e\xd3\xc4\xef\xa4\x18\x27\x71\xdf\xcf\x8d\x25\x4e"
	"\x73\x9c\x71\xda\xa7\x32\xce\xf8\x26\x45\xb8\x92\x88\x94\x3e\x19"
	"\xa7\xa5\x49\xd0\x93\x56\xdb\xd4\x3b\x92\xc7\x48\xc6\xc6\x04\x56"
	"\x34\x11\x5d\x61\x9d\x11\x24\xa2\xba\x2b\xd7\x72\x70\xd3\xf1\x92"
	"\x8c\xef\x73\xec\xf9\xf8\xfd\xfc\xf2\x7d\xcc\x6e\x58\xce\x54\x9f"
	"\x7a\x0a\xa7\x02\x52\x7c\x57\x98\x87\xb3\x0c\x77\xf7\x27\xf3\x17"
	"\x25\x6e\xa4\x1e\xcb\xe9\xe9\xe7\xb8\x95\xbe\xbf\xa3\xb6\x8a\x88"
	"\x9b\x6f\x83\x0d\x11\xf3\x03\xa2\x5c\xea\x16\xae\x31\xda\x66\xb0"
	"\x79\x8f\x5d\x1b\xc9\x2e\x91\xe1\xe4\x47\xb3\x75\xb7\x4b\x24\x7f"
	"\x10\x33\x17\x2f\xb6\xa0\x5a\xb8\xc3\x05\xe2\x97\x45\xa9\x30\x49"
	"\x0f\xb6\x3c\x58\x2b\x36\xbd\x75\x5a\xa0\x07\x4c\x89\x50\x2c\xa3"
	"\xcd\x38\xa5\xf7\x0b\xea\xda\x0a\x98\x74\xb7\x8f\x37\xbb\x2f\x8f"
	"\x99\xf8\xee\x52\xf8\x6c\x70\x99\xd2\x6d\x04\xb8\x45\x1b\xb1\xb0"
	"\xec\xd6\x04\xaf\x48\x91\x13\x21\xf7\x6c\x99\x38\xcc\x63\xd1\x14"
	"\x64\x41\xd3\x1d\xc9\x73\xa6\x40\xa0\x21\x51\xab\xfd\x18\xe2\x6f"
	"\xc9\x7d\x27\x64\xfb\xa2\x54\xcc\x11\xc6\xc1\x60\x02\xb1\x6d\x03"
	"\xc0\xbd\xc8\x8d\xf7\x7a\xf0\x20\xdb\x6d\x8f\x0f\x2a\x21\x09\xc1"
	"\x4f\xcb\x31\x15\x9e\x48\x36\x5c\x88\x68\xe2\x17\xdb\x31\x6c\x2d"
	"\x68\xee\x1a\xb8\x43\x0c\xe9\xba\x41\x74\x0e\xc4\xd0\x51\x35\x11"
	"\xdd\x90\x94\xf7\x2e\xba\xae\x73\x29\xfb\xf1\xeb\xfd\xfc\x78\x7c"
	"\x9a\x45\xc7\x5f\x9d\x88\xd6\xed\x2d\x78\xd3\x32\x72\x4a\xd2\xac"
	"\x92\x94\x68\xc0\xb6\xfd\x75\x54\x6a\x9b\x6e\x57\x0a\x9f\x1a\xb0"
	"\x1c\xd8\x0a\xbf\x29\x65\x34\x6a\xf9\x20\x99\x13\x7f\x1d\x0c\xa4"
	"\xde\x2a\x55\xb3\x8d\xb6\x41\x60\x71\x35\xea\x8c\xaa\x05\x84\x2a"
	"\x1c\xe4\x55\xb8\x35\x42\x6d\x76\x8b\xa4\x8c\x0f\xab\x32\x0c\xc1"
	"\xac\xa6\x65\xcb\x51\xd6\x6b\x97\x74\xa0\x99\x46\xe3\xb2\x50\x76"
	"\x7a\x3b\xbf\xfe\x38\xbd\x89\x96\xbf\x09\xae\xfd\x35\xac\x11\x01"
	"\x4b\x5f\xe1\x60\x25\x57\x92\x1b\xd1\x0d\xf7\xdd\xb1\x27\xd6\x02"
	"\x1f\xf5\xf1\x56\xc9\x1e\xc8\xb6\x42\xb4\x4c\x32\xc8\x2e\x9d\x62"
	"\xe0\x3c\xa0\x80\xf8\xac\x5a\x89\xfc\xaa\x22\x08\x81\xc0\xb2\x16"
	"\x96\xae\xef\x87\x11\x33\xdb\x5b\x5c\x19\xc7\xf7\xf2\x2c\xf7\xfc"
	"\x5f\x9d\x19\xb6\x02\x4b\x86\x94\x8b\x13\x51\x57\xaa\x08\x6b\x51"
	"\xb5\x3d\x72\xeb\x6e\xef\xa7\x06\xb0\x50\xf7\x73\x8f\x41\xc3\x43"
	"\xba\x0a\xf6\xfd\xb4\xa4\xff\x9d\xf0\x10\x0c\x93\x72\x71\x98\xe5"
	"\xfd\xc4\x18\x3c\x9b\xdd\xc4\xcf\x2e\xad\xb8\x93\x01\x67\xe3\xa0"
	"\x20\x7d\x5a\x38\xe0\x54\x6e\xe9\x80\x41\xc7\x1a\xab\x4a\xeb\xbc"
	"\x16\x35\xcd\x34\xc8\x59\xab\x6f\xe7\xb4\x7f\xcc\x86\x5f\xfb\xdf"
	"\x6e\x52\x0f\x65\xb0\x0d\x92\x02\x21\x8e\x35\xe7\x95\x38\xe8\xa9"
	"\x2b\x65\xd8\xde\x57\x52\x82\x66\x0a\x86\x67\x94\x36\x0d\xfc\x92"
	"\xf0\xa0\x40\x06\xda\x15\xd9\x74\x18\xc2\x27\x88\x75\x0c\x7a\x9d"
	"\x3b\xce\x67\x25\xc4\x4a\x2d\xa3\xee\x48\x18\x67\x14\x1e\x22\x30"
	"\x48\xd4\xf1\x1a\x8e\x9d\x16\x69\x30\x14\xda\xb4\xd6\x98\xc0\x4a"
	"\x50\x12\x8a\xef\x1b\x3d\xdc\x88\x81\xb2\x02\x6e\xe9\xeb\x35\x1c"
	"\xee\x2d\xe2\x60\xdc\xb7\xd9\x6f\x55\x75\xc2\x4f\xb7\x10\x16\xaf"
	"\x93\x53\x26\x1c\x0a\x9a\x8d\x0b\x7d\x15\xb9\xa4\x88\x2d\x51\x9d"
	"\x5b\x7a\x30\xf7\xf6\xa3\x5b\x52\xf1\xeb\xf5\xf4\x2f\x5a\xf9\xd6"
	"\x7c\x7d\x3a\xfd\x73\x7a\xfb\xcb\x3f\xb5\xfe\x9a\xf1\xff\x9c\x3f"
	"\x1e\x7f\x8c\xdd\xba\x55\xdc\x21\xa0\x7a\xc6\x6c\x10\x6e\x8c\x9e"
	"\x17\xab\xfe\x47\xc8\xd3\xc7\xe9\xed\xe5\xf8\x71\x9a\xc5\x97\xaf"
	"\xa3\xd6\xc3\x15\x4b\xf0\xf1\x12\x15\x31\x76\xa1\x2e\x77\xb8\x14"
	"\x9e\xdc\x07\xc6\x2b\xfd\x7b\xa8\x03\xfa\x38\xd1\x88\x1d\x07\x54"
	"\x6e\xd9\x8d\x45\xf7\x89\xe3\x4e\xf7\x64\xbb\x9c\x07\x9f\xc5\xc1"
	"\x02\x09\x3c\x51\xd3\x87\x26\xbf\x37\x76\x87\x15\x44\x0f\x6b\x19"
	"\xc3\x37\x49\x8d\x21\x69\xc7\x62\x14\x26\x4c\x89\x45\xba\x85\xac"
	"\x88\x37\x1b\x20\xd1\xfc\x3e\x2b\x3a\x6f\x3b\xb7\x54\xdc\xb6\xff"
	"\x56\x1e\xf1\xe9\x48\x86\x72\xaa\xae\x2f\xa5\xeb\xa9\xca\xfb\xd4"
	"\x84\xab\x38\x60\x83\xd9\x9a\x02\x4d\xc6\x4c\xcc\xd3\xae\x53\x00"
	"\x68\xd7\x71\x77\x01\x92\x42\x09\xdd\x04\x78\x8e\x43\x5a\x64\x63"
	"\xb9\x3e\x8f\xfa\x0a\x10\x14\x92\xc7\xe2\x07\x43\x4a\xc8\xfd\x0d"
	"\x65\x37\x51\xe1\x9a\x24\xe4\x9c\x22\x8c\xdb\x1a\x31\x37\x52\x2a"
	"\x16\xb9\x9c\x70\xe4\xc0\xd5\xc5\x15\x4b\x53\x8f\x12\xc7\xf2\x98"
	"\x6f\xa8\x06\x58\xc7\xf9\xd2\xa0\x42\xf8\x89\x68\xeb\x4b\x14\xe6"
	"\x7d\x1f\xba\x72\x87\x92\xb6\xe5\x0a\x8b\x15\x0e\xe4\x52\x55\xfc"
	"\x52\x94\x88\xb9\x62\x72\xe3\xf9\xe9\xe7\x0d\xc5\xcb\x15\x23\xa6"
	"\xce\xb7\x5a\xef\x83\x24\xd5\x76\x47\x4c\x32\xc4\xac\xed\x3a\x8e"
	"\xbb\x8e\x85\x63\x88\x56\x39\x76\x53\x07\x2f\x00\x70\x21\x7e\x1b"
	"\x88\xf2\x7a\xbc\xf1\x4c\x7b\x33\xc4\xbf\xa6\x1e\xf0\x27\x61\x09"
	"\x5a\xe5\x70\xa2\x4d\xe0\xba\x60\xb3\x83\x73\x5e\xb2\x0e\x86\xfa"
	"\x41\xf0\x9c\x3d\xb2\xc0\x56\x1c\x68\xec\xda\x88\x56\xe3\x0d\xe0"
	"\x28\x00\x34\x37\x0c\x73\x6e\x22\x8e\x1b\x25\x44\xc6\xa2\x30\x94"
	"\x74\xcc\x94\xea\x4a\x5f\x22\x3a\xd0\x12\x30\xf4\x90\xde\xa5\x57"
	"\x21\xe7\x15\x5f\x40\xbd\xf2\x57\xdf\x87\xd0\x2f\x73\x35\xdd\x51"
	"\x95\x1f\xa2\xa8\x99\x1a\xba\xad\xa6\xbb\x4a\xfe\x1e\xe6\x8a\xb4"
	"\xa1\x63\x16\x1d\xb7\xe6\x71\xf6\x6a\x80\x6b\x2b\x00\xbe\x10\xb9"
	"\xac\x39\x37\x10\x3d\xc7\x8a\x09\xe2\x56\x5d\x12\xaf\x3e\xc2\x15"
	"\x23\xd1\xb7\x3c\x43\xd5\x0a\x85\xed\x2c\x15\xad\x58\x50\x02\x1e"
	"\xcf\x15\x80\x88\x3a\x4b\x4c\x4d\xfb\x3a\x90\x9d\x7f\x70\x3a\xe3"
	"\xb6\x19\x46\xb6\xb9\xdc\x6b\x31\x3d\x05\xea\xde\x44\x95\xef\x09"
	"\x5f\x9e\xce\x2f\xff\xfb\xbb\x59\xb9\xa3\xcc\xd7\xab\x59\xad\x97"
	"\xf2\xf3\x05\x7c\xba\x8d\x68\xde\xcd\x7e\xbf\x3d\x58\xff\x31\x9c"
	"\xea\x70\x5f\xa4\xe8\x02\x45\xa8\xfb\x6a\x92\x45\xfb\x1c\xb9\xf5"
	"\x94\x74\x88\x32\x32\xb2\xea\x75\xbb\xf7\xd0\xdc\x07\x36\xb2\x03"
	"\xd4\xa9\x78\x3b\x7f\xff\xde\xb9\x75\x6a\xbf\x1b\x0e\xd7\xc6\xe6"
	"\x41\x51\x7a\xde\x50\xf4\x67\x0d\x4b\xc5\x02\xb9\x49\x0b\x3d\x70"
	"\x13\x08\x71\x6a\x15\x90\x09\xd0\xab\xff\x15\x3d\x94\x66\xa5\x1e"
	"\x44\x68\xc1\xb6\xac\xb8\xd7\x23\xd5\x4b\x55\x83\x6a\x9e\x8a\xbb"
	"\x1d\x2a\x5b\xfc\xfc\xfa\x71\xfc\xf2\x74\x7a\x9f\x7d\x54\xcd\x7e"
	"\x1b\x52\xc9\xe9\xe3\xdb\x19\x04\xf3\xd9\xa3\x74\x94\x37\xfb\x1d"
	"\x7a\xe7\xe3\xf8\xf6\xfd\xf4\x31\x1c\x4f\xd7\x5e\xc8\x49\xc2\xc1"
	"\xd5\xd3\x84\xa6\x90\xfe\xf8\xf5\xb8\x8c\x24\x88\x66\x5a\x07\x96"
	"\x04\x05\xe6\xf8\x51\x9c\x35\x03\x88\xbb\x09\x8e\xea\xc6\x1b\x95"
	"\x89\xff\x13\xb6\x22\xc9\x98\xae\x40\x20\x16\xb4\xa1\xb4\x09\xa9"
	"\xdd\xbf\x6a\x59\xb9\x0a\x30\xdb\x1e\xa7\x92\x88\xdf\x49\x4a\xf2"
	"\x1e\x74\x69\xc7\xc2\x7a\x14\x14\x6e\x9e\x6e\x5f\x82\x84\x9e\xff"
	"\x7a\x48\xda\xd0\x22\x15\x1f\x1e\x4d\xac\x55\x0d\xfe\xfe\xed\xed"
	"\xe3\xd1\x68\x79\x16\x00\x88\x20\x17\x29\x22\x79\x01\x1d\x93\xcd"
	"\x81\x96\x6c\x85\x80\xd3\xcc\x5d\x91\x30\x3b\x37\xce\xef\x5a\xb3"
	"\x17\x80\xe2\x58\x1b\x5e\x9b\xa5\x9f\x0e\x6e\x6a\x46\x92\x7b\x3e"
	"\x79\xda\xe9\x87\x92\x05\x87\xbe\x77\x9e\x6e\xa9\xf3\xed\xe0\xc4"
	"\x73\x55\x16\x81\x92\x8e\x88\x40\x4d\x3e\xb2\x5a\x39\x0f\x01\xa2"
	"\x9e\x73\x03\xed\x31\xb7\xee\x0d\xc4\xe7\xa8\xc3\xa6\x36\x04\xb1"
	"\x29\x68\x41\x5c\x2c\x1a\x4f\x0d\xd9\xdc\xc7\x9e\xe3\xaa\xcb\x0b"
	"\xc1\x79\x97\x58\x78\x95\x1a\x93\x73\x87\xda\x9a\x6f\x31\x1e\x99"
	"\x16\xe2\x77\xbc\x8b\xb1\xa6\x30\x42\x9e\xdd\x1a\xd0\x5e\x40\x1c"
	"\x25\x22\xa3\x21\x6a\x14\xd4\xc1\x18\xee\x04\x90\x3d\x05\x34\x05"
	"\xe3\x69\x7a\x63\x6e\x16\x9e\xba\x33\x56\x9f\x6d\xeb\xff\x49\xbb"
	"\x96\xe6\x46\x95\x64\xfd\x57\x1c\x5e\xcd\x44\x4c\xdf\xe6\x2d\xb4"
	"\xe8\x45\x09\x90\x44\x8b\x97\x29\xa4\x96\x7b\x43\xf8\xd8\x74\x5b"
	"\x71\x6c\xcb\x57\x96\xe7\x1c\xcf\xaf\x9f\xcc\x02\x24\x0a\x2a\x91"
	"\x23\x26\x7a\xd1\x56\x7d\x49\x51\xd4\x33\x33\x2b\x1f\xab\x51\x0a"
	"\x0e\x7c\xf4\x94\x48\x3f\xd0\xd2\xcc\x63\xd2\x7d\xfb\x34\xea\x30"
	"\x91\xf5\x8b\x24\x36\xe1\x81\xdb\xad\xc5\x18\x1f\xaa\x20\x36\x35"
	"\x63\x7c\x3d\xe4\x98\x92\xc7\x1c\x86\xd7\x00\x81\xf3\xc2\xa2\xc5"
	"\x1e\x9d\x5e\xee\xf4\xa9\x75\x79\xc9\x1a\x97\x49\xec\x8b\x24\x96"
	"\x79\x99\xe4\xf2\xde\x30\xd5\x2e\x2f\x6a\x7d\x7c\x09\xe5\x53\x2a"
	"\x7c\xc7\x79\xe8\xac\xcb\xa3\xeb\xe8\xfa\x27\x36\x0f\xcb\xfd\xc4"
	"\x26\x64\x5c\x5a\x3e\x86\x7e\x61\x41\xc7\x5e\x36\x99\xda\xc4\xa1"
	"\xa4\x88\x86\x82\xf3\x07\x43\x75\x7f\x62\xf3\xf7\x39\xc8\x8e\x9f"
	"\x69\xe1\xa5\x89\x0c\xf3\x68\xea\x0d\xb5\x9e\xd9\xd3\xdd\x11\xd8"
	"\xf9\xe7\xcb\xed\xd0\x0d\xd7\xb9\x34\x41\xa8\x98\xa2\x5d\x12\xfb"
	"\xe2\x4c\x74\x5c\xbb\x9c\xb3\x38\x8c\x6e\x2f\x51\x4e\xac\x4b\x8b"
	"\xc3\xb0\xb4\xf1\x25\x86\x29\x1b\x26\x05\xbb\x30\x51\x2c\xb7\xb8"
	"\xf0\xf5\x48\x62\xda\x17\x49\xa8\x5c\x67\x2d\x09\x8f\x1d\xe3\xc2"
	"\x47\xcd\x6e\x2c\xf7\xc2\xa4\xcd\x33\xdb\xbb\xb0\xca\x70\x42\x8c"
	"\xaf\xa0\x9f\xb7\xc9\x4d\x3c\x8c\x2d\xb4\x7f\xf9\x82\x42\x83\x3c"
	"\x5f\xfa\x53\x32\xd2\x4c\xad\xcf\x2d\xb5\xc0\x78\xbb\xe6\x05\xfc"
	"\x75\xe9\x00\xe0\xc9\x86\x13\xcb\x4d\xf4\xe2\x20\xf5\xf2\x19\x99"
	"\x38\x17\x18\x81\x7c\xd2\xb3\x00\x38\xb9\xb1\xd5\xe1\xe7\x2f\xad"
	"\x94\x8e\x49\x32\x8a\x80\xaa\x28\xb4\x98\xa4\x5d\xd8\xda\x4a\xd1"
	"\xda\x4f\xa5\x43\x1e\xb7\x8e\xe8\x1c\xb3\x61\xf0\x57\x28\x2c\xeb"
	"\x58\x77\x9d\x90\xd0\x31\x3b\x27\xe1\x5c\x32\x0c\x5c\xc5\x65\x34"
	"\x9d\x77\xdf\x8c\xc6\x7b\x39\x83\xb9\xb7\xc0\x57\x28\x05\x96\x78"
	"\xc6\x70\xec\xa8\xc0\xe9\x3f\x4a\xb6\x0d\xb1\x66\x35\xdf\x2e\x82"
	"\xbf\x51\x75\xe3\x15\x53\x84\x16\x41\x8c\x08\xdf\x1e\x03\xdf\x85"
	"\xb2\xb9\x7a\xd8\xb2\xc8\x34\xb5\x92\xaa\xbc\xbe\x57\xbf\x04\xd7"
	"\x33\xbd\x4f\xd5\x0d\x21\xc6\xfd\xae\xe5\x1e\x16\xe1\xe5\x46\xc9"
	"\xb2\xba\xfc\x54\xa1\xc8\xbd\xb7\xc4\x8f\x29\xe3\x45\xac\x16\x3a"
	"\xcf\x34\x54\x67\xf6\x3b\xf2\x34\xfc\xde\xd3\xae\x7a\x39\x4a\xd3"
	"\x8e\xf1\xdb\xc4\x2b\x0b\xfa\x1b\xa1\x5c\x29\x79\x40\xf9\x6c\x3d"
	"\x1f\xda\x72\x8b\xfa\xd0\x0a\x45\x9a\x22\xeb\xad\xc2\xd8\xaa\xbd"
	"\x81\x92\xe3\x59\xc2\xcf\x32\xc3\x95\x00\x12\x64\x98\x13\x89\xc2"
	"\x30\x70\x19\xe6\x17\xb9\x40\x93\xe5\x6b\xc2\x61\x6f\x33\x27\x34"
	"\x0d\x38\xf3\x55\x81\x3d\x3b\x70\x98\x76\xf3\x81\x88\x08\xf5\x71"
	"\x90\xac\xe5\x54\x72\xa2\x78\x86\xc1\x3e\x95\x6e\x4d\x0d\x81\x88"
	"\xd7\x3a\xac\x2d\x56\xbd\x22\xc6\x60\x20\x75\xa4\xe6\xf2\xbc\x01"
	"\x34\x36\xf6\xf7\x87\xfd\xdb\xfe\xd7\xf1\x6a\xf9\xf1\x5a\x1d\xbe"
	"\x6c\xae\x7e\xbf\x57\x6f\xc7\xa1\x6f\x02\x2f\x18\x2c\x76\x49\xa9"
	"\x9f\xe5\x21\x8f\x0d\xbc\x28\x54\xf6\x07\xcc\xb6\xc0\x27\x72\x41"
	"\x16\x11\x88\xf2\x14\xe4\x4e\x0c\x73\xa6\xee\xfc\xdc\x9d\xe8\xc6"
	"\x9a\x80\x74\xd7\x0d\xd4\xd8\xa6\x70\x1c\x39\x80\x55\x2d\x03\xc3"
	"\x48\xbe\x1d\x1b\x03\xd5\xd3\xc6\x5a\xa7\x3f\xb8\xbf\xaf\x9e\xaa"
	"\xc3\xfe\xb9\xea\x27\x8d\x61\x30\x1f\x75\xc7\x20\xcc\xd4\x1a\xd4"
	"\x1a\x5a\x76\x32\x91\x4d\x47\x64\x00\xa9\x13\xea\xa0\x3a\x09\x5e"
	"\x39\xac\x7f\xe2\x10\x29\x27\x00\x9a\x10\xd2\x12\x40\xae\x4e\x3e"
	"\xa5\x13\x86\x44\x00\x19\x2e\xd9\xd4\xb6\x9d\x7f\xec\xbe\x3c\xec"
	"\x0e\xd5\xfd\x51\x24\x54\x21\x1a\x5d\x4c\x7a\xe1\xa6\x9a\x3c\x2f"
	"\xaf\x77\xf7\x50\xc9\xcb\x7d\xf5\xa9\x2f\xd7\x6d\xf2\xf3\x74\x9b"
	"\xfc\x86\x89\x35\x7c\xb3\x2f\x5a\x0c\xff\xd5\x6f\xe4\x1f\x2f\xc7"
	"\xc7\xea\x6d\xd7\x7b\xe1\xd4\x35\xa9\x5a\x01\xb2\x86\x16\xf3\xd5"
	"\xf1\xaf\xfd\xe1\x4f\xd1\x43\x1f\xff\xa9\x0e\xff\xba\x0a\x9f\x5f"
	"\xab\x07\xf1\x7d\x1e\xf1\x51\xf6\xd4\x1c\x4a\x72\x0c\x7a\xf3\xdf"
	"\xd5\x55\xf5\x52\x1d\x7e\x7f\x5c\x89\x59\x86\xb3\x30\xf4\xe4\x67"
	"\x83\x89\x6b\x0f\x5b\x91\x57\x6f\xfb\x27\xd4\x87\x7f\xa2\x4b\x0d"
	"\x3e\xa5\xba\xd4\x00\xd6\x5a\x1f\x8e\x3e\x7f\xad\xee\xfe\x7c\x7f"
	"\xc5\x1a\xe1\x35\xd5\xd5\xdb\x6b\x55\xdd\x3f\x4a\xb1\x13\xeb\xbd"
	"\xa0\x1c\x38\x45\x37\xb3\xe7\xe1\xb0\xdf\x3d\x9c\xb7\x0e\xc6\x97"
	"\xb5\x7a\xac\xfd\x9d\xf8\x79\x8a\xde\xae\xa8\xc5\x62\x11\xcb\xdb"
	"\x24\x97\xed\xc1\xdc\x75\x2b\xc2\x38\xf9\xa8\x9a\x83\x2d\x7b\x19"
	"\xb0\xac\xbb\xff\x20\xe4\xb1\x7c\x13\xa4\xeb\x42\x80\xea\x63\x1e"
	"\xa9\x96\xeb\x64\x75\x81\x44\xa4\x8a\x21\x08\xf0\xdc\x45\x22\x5a"
	"\x75\xd9\x52\xf0\xc0\x1b\x54\x23\x93\xc8\xa7\x39\x3e\x33\x4f\x23"
	"\x1f\xf5\xb6\x2c\x0e\xca\x75\x82\x7f\xb6\x9b\xed\xf5\xb5\xdc\x48"
	"\xd2\xa0\x55\x34\x0e\xad\xf5\x48\x34\x25\xe2\x3c\x35\x43\x39\x4b"
	"\xa9\x80\x0b\xc0\xa3\x95\xc0\x9f\x4d\xa8\x3c\xb6\x0b\x5e\x62\xd4"
	"\xce\x59\x4a\xdc\x25\xac\x93\x10\xc6\x8f\x67\x84\xff\x7d\x93\xa1"
	"\xc0\x8b\x56\xe5\x36\x02\x96\x08\xfe\xf8\xf1\x33\x27\x63\xe3\x17"
	"\x73\xf5\x5b\x7e\x84\x91\xa7\x6b\x9a\x26\x0c\x40\x2e\x50\x50\xb7"
	"\xf6\x29\xd1\xb9\x2b\x3e\xa1\xe4\x82\x45\x1e\xdc\x52\xf6\x31\x59"
	"\x68\x11\x01\x21\x9b\x6b\xf2\xc1\xca\x59\xdc\xbd\xfd\x59\x1d\x55"
	"\xbe\x12\xc0\x2f\x22\xa7\x8b\xa9\xca\xe6\xea\xcf\x0b\xf2\x14\x4d"
	"\xa7\xd4\x4d\x59\xc0\x0c\x9b\x87\xc4\x9d\xb9\xb7\xcc\xe1\xa4\x3e"
	"\x65\x68\x53\xf1\x2e\x30\x28\xa8\x6d\x06\x8e\x64\xb5\xee\x58\x8c"
	"\x2c\xd9\x26\x10\x23\x97\xe5\x01\x8c\x6f\x47\x12\x38\x8f\xea\x29"
	"\x10\x6b\x1d\x5a\xda\x7b\xda\xdf\xff\x59\x27\x4b\xc0\x8d\x54\xca"
	"\xc6\x76\x9e\x09\xe3\x09\x77\x90\x02\x18\xe3\xd5\xa5\xf9\x84\x71"
	"\x61\x2c\xe2\xee\xb5\x43\xc6\xbd\x58\x65\xd1\x22\x51\x64\x52\x4e"
	"\x80\x2e\x14\xda\x54\x5c\x19\x99\x8a\xb0\x04\x90\x89\xac\xcf\x10"
	"\x11\xb1\x89\x3a\x44\x9e\xef\x05\x13\x82\x87\xe8\x91\x4d\x8d\x8b"
	"\xfd\xe3\x71\x0c\xcc\x5e\x12\xb1\xc9\x91\xe2\x26\xcd\xc3\x9b\xf1"
	"\x2e\x14\xb7\x3a\x44\x1f\x52\x57\xe0\xdd\x09\xe1\xd9\x43\xde\x42"
	"\x4c\xa5\xce\xcd\xb0\x48\xbe\x56\x54\x7f\x62\xfc\xf2\xf3\xe9\xd3"
	"\x9d\x10\x4d\x6e\x18\xa2\x1d\x18\x56\x9b\x88\xe2\x21\x51\x39\x13"
	"\x39\x93\x28\x41\x63\xab\x96\x43\x03\xd5\x96\x9d\xd2\x35\xd5\x90"
	"\xc6\x63\xf1\x05\x8a\x30\x5e\x5c\xa0\x88\x2f\x55\xb1\x11\x51\x02"
	"\x2f\xd5\x12\x66\xa1\xc6\x6a\x22\xaa\x4f\x88\x50\x72\x3d\x2a\xc2"
	"\xe4\x5e\xa2\x22\x35\x25\x12\x15\x19\x99\x5c\xa2\x5a\xa1\x83\xdf"
	"\x4d\xb9\x4c\xb3\x2c\x54\x07\x08\xf8\x01\xe7\x41\xd2\x58\x18\x76"
	"\xe6\x15\xdf\xbf\x1f\xee\xab\xa1\xa6\x49\xdc\xae\xd7\x7a\x0c\xa9"
	"\x24\xcb\xd3\x59\x77\x03\x8c\x56\x3c\xf7\x7a\xf2\x18\xab\x33\x1c"
	"\x2d\xfb\x19\x33\xe4\xf2\x32\xd8\x14\x18\x8c\x88\xc5\x24\x45\x9a"
	"\x46\x25\xc6\x2e\x67\xb9\x9c\x86\x44\xe8\x3b\xf2\x9c\x15\x6b\x20"
	"\xd7\x34\xd7\x76\xed\x6e\xfc\x0a\x1e\x46\x18\x47\xe7\x44\xa2\x3b"
	"\xba\x26\xfe\x49\x2f\x72\xac\x13\x01\x54\x30\x35\x74\x49\x1e\xcf"
	"\x9b\x7c\x1f\x70\x8c\xba\xb2\x86\xb3\x73\xb8\xf5\xbe\x2f\x66\x61"
	"\x34\x4b\xb7\xfd\x7a\xe2\xe5\x9a\xd0\xac\x34\xb9\x42\x69\x02\xd3"
	"\xd0\xca\x18\xaa\x54\x73\xb6\x8d\x5a\x89\xc2\x9b\xe6\x90\x96\xa0"
	"\xf0\x01\x20\x2d\xdf\x88\x0a\xba\x8c\x68\x1c\xaf\x31\x03\x49\xbf"
	"\xa8\x97\x74\x7d\x81\x3c\xfd\xee\xfe\x4a\x80\x57\xd9\xdd\xef\x4a"
	"\x18\x16\xb4\x39\x49\x25\xaf\x7c\xf1\x3c\x6a\x1b\x16\x05\x9b\x45"
	"\x41\x19\x65\x2c\x20\x38\xb8\x1e\x25\xf4\xdf\x66\xc2\x47\x68\x4f"
	"\x5e\xf1\x8c\xf3\x02\x4e\xf8\xf5\x42\x15\x7d\xa5\xad\x77\xd3\x51"
	"\x32\xa5\xf3\xba\xb8\xff\x9d\x3d\x8d\x13\x8e\x20\xc7\x4f\x54\x0e"
	"\x41\x03\x96\x1b\x73\x84\x5d\xa6\x9e\x3e\xa1\x3d\xdd\x5b\x23\xfc"
	"\x3c\xef\x8f\x15\x66\x2f\x55\x2a\x43\x03\x0c\x09\x81\x37\xe9\xc3"
	"\x07\x5f\x9f\xdf\x7e\x2b\x9f\xc9\x62\xde\x68\xc7\x16\xc2\x7b\x2c"
	"\x27\x8c\xc9\x6b\xc2\x5a\xab\x32\x14\x9b\xe0\x95\xff\xe0\x1f\x6f"
	"\xc7\xea\xf9\x2a\x05\x46\xe7\x71\xf7\xfa\x4f\x94\x9d\xee\x77\xbf"
	"\x60\x36\xf8\x3d\xf5\xc2\x33\x08\xd8\x50\x8c\x99\x36\x7a\x9a\x87"
	"\xd9\x61\x7f\xf7\x70\xbf\x7f\xee\x61\x9d\xe8\x25\x5e\x39\xcb\xbd"
	"\x98\x17\xb3\xa1\x78\xba\xcd\xbe\x9e\xd3\x74\xdc\xec\x0f\x70\x2c"
	"\x2b\x5e\xb1\xfb\xbf\x78\xab\x2a\xef\x1e\xa0\xc3\x9d\xaf\x5d\x17"
	"\x3d\x01\x26\x99\xe7\xcc\x9b\x2f\xe4\x52\x4c\x38\xd6\xf5\x64\x11"
	"\xc6\xcb\x18\x85\xe1\x47\xce\x7a\x26\xc7\xc0\x5c\xf5\x0e\x96\x73"
	"\x29\x9a\x72\x26\x8b\x35\x2d\x94\x45\x19\x95\x5d\x21\x8b\x6f\xd2"
	"\x93\x96\x8b\x57\xf7\xef\x87\xdd\xf1\x43\xfe\x18\x60\x69\x59\xd6"
	"\x69\x64\xfd\xbb\x31\x5e\x91\x34\xe4\x35\x20\x36\xe0\x0d\x91\xfd"
	"\xad\x26\x19\x39\x08\x9b\x37\xc6\xd9\xfa\x02\x8c\x5e\xb8\xd4\x3b"
	"\x10\x1e\xbe\x43\x7c\xe3\xcd\xfb\xdd\x13\x4c\x9b\xd1\x79\x23\x47"
	"\x29\x12\xe8\x76\xf7\xb4\x7b\xf9\x9b\x7a\xa8\xd1\x53\x6f\xbc\xb5"
	"\xa2\x9b\x33\x21\xb7\xe3\xf9\x7a\xca\xfd\x58\xff\xbc\x5a\xec\xa1"
	"\xa2\x97\xbd\x5c\x57\x03\x82\x30\xb2\x69\x43\x02\xa6\x20\xed\xc6"
	"\x6a\x5b\xa3\x2e\x75\x16\xe4\x78\x1e\xa0\xe3\xac\x34\x5a\x67\x02"
	"\xf4\x2b\xe6\x20\x8d\xa8\x61\xb4\xc1\x03\x01\x94\x7c\x1a\xb6\xc8"
	"\x70\x13\xf4\x3f\x42\x61\xa3\x7f\xfe\xe2\x52\xf8\x5d\xa9\x6c\xa4"
	"\xb6\x85\x27\x84\x7c\xf1\x5c\xf0\xf7\xf1\x1e\xa4\x9e\x26\xc4\x83"
	"\xa2\xc6\x9a\xbc\x64\xbe\x27\xd2\x70\xa9\x45\xbb\x9a\x86\x34\x71"
	"\x6b\x70\x8c\x7a\x61\x12\x29\xbf\x1b\x92\xbc\x70\xa7\x13\x93\x8d"
	"\x91\xf0\xd8\xb6\x89\x4b\xbe\x86\xa2\xf5\x68\x55\x2d\x3c\xd8\x7d"
	"\xf3\xdb\xfe\x29\x91\x45\xfa\xc4\x28\xe3\x2c\xf6\xa8\x4c\x28\x71"
	"\xd8\x13\x2a\x85\x84\xdc\xdb\x3f\xfc\x9c\xf5\x8b\x82\xee\x83\xa1"
	"\x7c\x1b\x10\xa2\x16\x5d\xb8\xa1\xaa\x4f\x49\x11\x20\xbb\xf6\x38"
	"\x22\x09\x1a\x93\x3a\x12\xe7\x6d\xf0\x9a\x31\x0a\x45\x25\x9f\x54"
	"\x31\xeb\x63\x2a\x66\x22\x28\x27\xf3\xb7\x91\x69\xd9\x64\x54\xd9"
	"\x16\xa7\xb4\x20\xb3\x98\xe9\x84\x8e\x19\x20\xc3\xa0\x20\x4f\xb7"
	"\x35\x61\x5f\x48\x24\xf6\x65\x06\x51\xab\xcf\x4c\x2a\xa3\x66\xcc"
	"\x72\x9f\xca\xbe\x2c\xb0\x29\x8d\x11\x0a\x1b\x31\xec\x79\x8a\x3e"
	"\x89\x75\x6b\xc7\x5c\xe2\xc4\x00\x16\x0d\x9d\x89\xfa\x17\xb5\x7e"
	"\x68\xcb\xfd\x29\x81\x78\xdf\x57\xc0\x5f\x13\x4c\x90\x67\x1a\xa4"
	"\x77\x09\x9b\x58\x36\x3d\x8a\x2d\x4e\x7b\xa0\xb0\x09\x15\x6b\x16"
	"\x30\xd7\x22\x94\xe9\x80\x4d\x6d\x5b\x1f\xc1\x88\x4f\xd9\x7a\x96"
	"\x46\x58\x03\x01\xe6\x18\xc4\xbe\xc4\x3d\x66\x92\xe1\xef\x8b\x95"
	"\x6b\x12\xf2\x38\x62\x33\x66\xff\x4f\xb7\x2c\x86\x43\xde\x97\x18"
	"\x53\x9d\x86\x5c\x0a\xb2\x26\xf4\xb5\x0d\xfd\xae\x09\xfd\xae\xc9"
	"\xd4\x24\x2f\x7b\xdc\x09\x05\x4d\x0d\xf2\xa9\x29\x61\x82\xef\x09"
	"\xcd\xa8\x8e\xc7\x90\x7a\xe7\x4f\x36\x41\x94\x66\x78\x7b\x88\x59"
	"\xa5\x52\x2a\xa6\x9b\x6b\x11\x96\x28\xcb\x2d\x15\x47\x3c\x4c\x98"
	"\xb1\xdd\x92\x6f\x8e\x0a\xcf\xb0\x26\x3a\x8d\x51\xbe\x15\x88\x11"
	"\xca\x06\x38\x28\x75\xca\x00\x0f\x31\x5d\xa7\xbc\xb3\x04\xe8\x92"
	"\x18\x65\x35\x89\x8a\x48\x87\xf8\xfe\xd8\xcb\x40\x98\xdd\x92\x98"
	"\x65\x18\xca\x83\xb6\xd6\x64\xd5\x41\xa7\x31\x4e\xf6\x16\x7a\xb0"
	"\x73\x38\x76\x70\x7b\x32\x39\xe3\xa7\xba\x13\xb6\x9e\x50\xd6\x3c"
	"\x42\x14\xe2\xc0\xaf\x97\x21\x35\x2e\x67\x92\x0d\x45\xc2\x7d\xc1"
	"\xd6\xc4\xa9\x3f\xe2\xc3\x52\x84\x48\xa4\xb9\xba\x37\x0a\x13\xb7"
	"\x74\x2d\x6c\x71\x8d\xf0\x24\xaa\x29\x74\x43\x37\xdd\x31\x5c\x73"
	"\xb9\xae\x19\xa3\x35\xb8\x5c\xb3\x47\x29\x1c\x9d\x3b\x84\x19\xaf"
	"\xa0\x80\x37\xe8\xf6\x08\x3c\x99\x12\x97\x9f\x35\xec\x3a\x2e\xf9"
	"\x09\x45\xe4\x59\x36\x11\x1c\x7f\x33\x77\x74\xad\xbf\xbe\xba\x7b"
	"\xe5\xfc\xb0\x7f\x39\x5e\x05\x2f\x0f\xd2\x06\x19\x8a\x04\x79\xb0"
	"\x3f\x2b\x22\x75\xb0\xe7\xd7\x27\x90\x6a\x07\x5b\xaa\x6b\x3a\x8a"
	"\x2b\xe0\xc7\xea\x59\x84\x52\xa9\xad\x98\xe4\x47\x8a\x88\xf1\x12"
	"\xa3\x78\x0b\xbb\x25\x82\xb5\x08\x1c\x82\x75\xf0\x3c\xee\x52\xdb"
	"\x0a\xbb\x21\x23\x43\x6d\x7e\xba\xd3\xa1\x9b\xd1\x72\xf7\xd0\x1a"
	"\x5a\xa1\x5d\x40\x7d\x5f\xd1\x4a\xc6\x9c\x67\x2d\x78\x02\x64\x36"
	"\x81\x67\xcd\x47\xf4\x02\xff\x35\x97\x1f\xef\x2f\xc7\x8e\xa0\xdd"
	"\xde\x4a\xc3\x31\x75\x57\x0f\x02\x75\x4a\xd9\x1a\x61\x9c\x04\x90"
	"\xe9\x68\x24\x44\x9a\x09\xd8\x96\xa1\x93\x90\xe5\xd0\x10\xc5\x6e"
	"\xda\xf6\xd4\xc8\x69\xcc\xa4\x31\x8d\xfc\x32\xc7\xb0\x72\x92\xb7"
	"\xc1\xad\xdd\x21\xaf\xed\x6d\xc7\x75\xc8\x47\x11\x9e\x3a\x23\xbc"
	"\xb1\x3d\x21\x18\x15\x01\xb9\x24\xe4\xe8\x34\x44\x7e\xe5\xc8\xc9"
	"\x6f\x92\xe6\x25\xae\x4b\x88\x05\x7e\x96\x16\xe8\x71\xa8\x06\xb9"
	"\x45\xe5\x8c\x89\x1d\xc3\x24\x7a\x13\xce\x2d\x5b\x27\xcf\x49\xdb"
	"\x35\xc8\x23\xcd\x9a\x10\xf7\x4a\x88\x4d\x0d\x72\x1f\x85\xf6\x6b"
	"\xae\x41\x7a\x4c\xd6\x14\xb6\x3d\x19\xdb\xea\x7c\x85\x0d\x1b\xae"
	"\xe8\x87\xf7\xe7\xe7\x8f\x46\xc9\xd1\x2e\xc4\xf9\xa1\xfa\xff\xf7"
	"\xea\xe5\xfe\xe3\x64\x20\xf2\x1f\xf4\x18\xf4\x7d\xfe\x35\x8b\xa2"
	"\x53\x5a\x5c\x71\x23\x20\x14\xbb\x77\xc7\xfd\xe1\xab\xbf\x7b\x3b"
	"\x1e\x76\x7f\xbc\xa3\x41\x4c\xcf\x9e\xa4\xe7\x82\x51\x9b\x3a\x3f"
	"\xde\xbd\x55\x5f\x22\xa8\xa3\x7a\xb8\x8a\xf6\xfb\xd7\xab\x7f\x40"
	"\xe5\xff\xbc\xfa\x75\x7a\xf9\x5b\xe7\xe5\x72\x85\x73\xcb\x54\x70"
	"\xb9\xed\xfe\xf1\xfb\xe3\xb0\x7f\xbb\xdf\xbf\x56\x00\x0d\x37\x57"
	"\x21\x27\x6a\xe4\x4e\x80\x28\xe5\x13\xd1\xa2\xce\x98\x04\x4a\x6e"
	"\x3f\xdb\x9c\x5b\x36\x25\x28\x2e\x74\x4a\x2e\xc9\xd6\xa6\x66\x6b"
	"\xe4\xea\x6c\xa4\xb1\xc5\x6d\x9e\x8e\x08\x63\x61\xb1\x00\x7e\x6a"
	"\xd8\x65\xcb\xea\xee\xe9\xf8\xd8\x39\x84\xda\xd2\xc3\xf1\x2a\xaf"
	"\x23\x6e\xbc\xec\x8e\xfd\x2e\x9c\x07\x96\x45\x2d\x45\x81\x59\xd4"
	"\xea\x30\xb5\x11\x2e\x12\xc1\xa1\x66\x7b\xf9\xfe\xbc\x7b\xd8\x1d"
	"\x3f\x94\x83\x19\x1b\x26\xc1\x3d\xf8\xcb\x82\x38\x04\x97\xc8\xd9"
	"\x10\xbc\xe5\xb2\xe0\x06\xb1\x7e\x97\xc5\x9a\x40\x78\x38\xa1\xa4"
	"\x3c\x84\x8c\x61\xb7\x87\xb0\x66\x8e\xe8\x90\xfb\x5c\xdd\xbd\xbd"
	"\x1f\xaa\xe7\x0a\x78\x8d\x77\xe8\x69\xc5\x54\xb5\xb4\xb1\xc9\x68"
	"\x91\x5a\x89\x10\x66\x14\x39\x6b\x1a\x98\x3a\x11\x56\xf1\xd6\xa1"
	"\x04\x93\x0d\x4e\x49\x67\x74\x4a\x76\x68\xa8\x37\x34\xd3\x36\xe2"
	"\xb1\xe3\x73\x85\x77\xf3\xee\xf7\xe3\x51\xbd\x7c\xbf\xfb\x25\xa7"
	"\x74\x23\x2c\x32\x31\x77\x95\x1a\xcb\x7c\x3e\xa5\x22\x4c\x08\x90"
	"\xca\x02\x34\x5b\xea\x54\x02\x25\x84\x28\x36\x2c\x36\x0d\x9d\x70"
	"\x9c\x41\x8c\x38\x5d\x00\xa2\xc2\x13\x00\xe4\x10\xf3\x0c\x21\x87"
	"\xd0\x50\x2c\x32\x83\x65\x30\x0b\x99\xa6\x11\xd6\x4e\x82\x43\x43"
	"\x6f\xf3\xc8\x98\x6a\x84\x24\x27\x13\x11\x51\x20\x04\xa8\x13\x87"
	"\xdc\x77\xce\x40\xe2\x20\xac\xfd\xb3\x5c\x23\xc3\x1e\x14\x39\x19"
	"\xb1\x60\x03\x5b\x86\x45\xc4\xdf\x87\x1d\x05\xb6\x22\x62\xc0\xd3"
	"\xac\x80\xb9\xa0\xae\x35\x83\x76\x1a\x1a\x09\xf3\x50\xd7\xa9\x9c"
	"\xb6\x00\x59\x36\xa5\x9b\x31\x4d\x2a\x3f\x51\x51\xae\x37\x21\x27"
	"\xfa\xad\xf0\xb8\x69\x11\x86\x32\x02\x23\x7c\x32\xdb\x11\x2b\x60"
	"\x50\x28\xaf\x44\x81\xb9\x34\x36\x21\xea\x06\xcc\xb2\x4d\x2a\xc2"
	"\x96\xad\xbb\x86\xda\x56\x6d\xe3\x25\x11\x39\x26\x9b\x20\x8e\x1c"
	"\x8d\x30\xe4\xd9\x44\x0e\xa5\x81\xfd\x09\x83\x69\x18\x0a\x2f\x91"
	"\xf8\xee\xf7\x4b\x75\xac\x55\xc9\xca\xcd\x64\x45\xe6\xec\x12\x10"
	"\xc1\xf4\xae\xb4\xe9\x94\xd8\x80\x1a\x8d\x6f\xcc\x16\xc9\xc8\xde"
	"\x7b\xa6\x21\x35\x95\x6c\x61\x52\x2e\x75\x71\xec\x99\xb6\x61\x69"
	"\x63\xfb\xaa\xa8\x9c\x66\x07\xda\xa9\xb1\x8c\x3d\xdb\xb5\x46\xb2"
	"\x18\xf6\xe8\x7a\xcd\xad\x3b\xf9\x1c\xf4\x6b\x20\x2a\xc7\xeb\xad"
	"\xe2\xec\xbb\x7f\xda\xbd\x0c\x06\x45\xe2\xe0\x5e\xf7\x47\x38\x11"
	"\x77\xca\x4b\x00\x9b\x8a\xdf\xe8\x73\xdd\xd5\x48\x55\x93\x6d\x11"
	"\x7b\x71\x8d\x4d\x48\xbe\x9c\xda\x10\x11\xd3\x4d\x9a\xd7\xa7\x96"
	"\x47\x91\x45\x4a\x3e\xa7\xff\xed\x6f\xc7\x3b\x99\x1d\x88\xe2\x6c"
	"\xaa\x6b\x0a\x26\x2e\x3b\x54\x6f\xc8\x45\x28\xa7\xf8\x2c\xd3\x1c"
	"\x2d\x5e\x10\x33\x31\xa3\xee\x1f\x96\x19\xd5\x95\x59\xa4\xeb\x23"
	"\x2a\xf8\x1a\x26\xe7\x75\x16\xc1\xbc\x26\x84\x20\x6e\x93\xea\x40"
	"\x80\x88\x44\x88\xcd\x84\xa7\x53\x49\x15\x36\xc5\xab\x2e\x33\x43"
	"\x73\xd4\x9f\xf1\x33\x63\x70\x40\x3b\x6a\xbe\xe4\x05\x6d\xd2\x55"
	"\x7d\xcd\xcd\xa9\x69\x2b\x86\x67\xff\xf7\xee\x19\x39\x58\x74\x32"
	"\x7d\x00\x29\x49\x18\xc6\x2b\x2a\x10\xc7\x27\x79\xd6\x85\x3e\xcb"
	"\x31\x1f\x45\x40\xf9\x5e\xe5\x73\x34\xfa\x27\x14\x76\x3c\x9f\x53"
	"\xa9\xa3\xb7\xf0\x4e\x8d\x7c\xc8\xfd\x1f\x0d\xed\x75\x95\xdc\x51"
	"\x54\xcf\xaf\x28\x36\x12\xb3\x16\xd6\x64\x18\x97\x22\x68\x75\xea"
	"\xa5\xeb\x8c\x30\x79\x8d\xa3\xed\x54\x73\x88\xa3\xb1\x06\x29\x15"
	"\x69\x9c\x69\xc4\x1d\x9a\x80\x26\xc4\xa9\x77\xcb\x89\xd1\x11\x90"
	"\xa1\xba\xb2\xcf\x7e\x74\x2c\xd6\xe0\xc7\x30\xfe\x07\x16\xa2\x8d"
	"\xda\xbc\x88\x89\x68\x80\x71\x7d\xd5\x1b\xf2\x8c\x26\x68\x74\xdb"
	"\x24\x81\x88\xcb\xe4\x0e\xa7\x27\xfa\x7b\xdd\x3f\xee\x5e\x87\xce"
	"\x4d\x80\x60\xc4\x76\xd9\xde\x6e\x11\x7a\x83\x02\x1c\xaf\x32\xc9"
	"\xbf\xe9\xfd\xf2\x8d\x39\xa4\xdd\xc0\x71\x53\x74\xec\x2a\x33\x96"
	"\x17\x21\x66\x07\x43\x83\x06\x2f\x5b\xcb\x77\xd9\xf8\x44\xc1\x72"
	"\x0c\xca\xcb\xa2\x48\xba\xc9\xce\x98\xb7\xea\x87\x61\x3c\xd9\x3b"
	"\x61\xa0\x6f\xf8\x51\xe4\x69\x14\x09\xa3\xbb\x8e\x2d\x94\x08\x02"
	"\x1e\x8e\xc5\x30\x9a\x2b\xcc\xd0\xb3\xe5\xed\x15\x7f\xff\xe3\x4d"
	"\xd8\x32\x9d\x3b\xa9\xc9\x71\xd8\xc4\xbd\x3e\xf7\xf8\xf2\x76\x18"
	"\xb3\xe5\xbc\xf1\x7a\x71\xb9\x4a\x13\x26\x22\x80\x23\xad\x7a\xd4"
	"\xa0\x8e\x6c\xcb\x4a\xc3\x4d\x62\x11\xe5\xfb\x32\x15\xd6\x47\x52"
	"\x09\x1b\xc4\xb1\x97\x09\x47\x4a\xe2\xe2\xbf\xc5\xb7\x7c\xac\x06"
	"\x0f\x66\x59\x46\xfa\xbe\x89\x3a\x58\x96\x2d\xd3\x24\x28\x63\x3f"
	"\x76\x1c\x62\xdf\x11\x96\x2b\x1e\xe5\x76\xe2\x0d\x55\xc9\x59\x75"
	"\x40\xb7\x79\xb1\xb1\x3e\xd7\x2a\x0b\x55\xe8\x51\x9c\x83\x1e\x86"
	"\x5e\x1c\x31\xd0\xf3\x3c\x95\x7f\xa1\xb0\xd8\x88\xd7\x7d\x23\x0e"
	"\x9f\xaf\x47\x2b\xe3\x59\xd0\xc7\xdb\x69\xc8\x4e\x76\x58\x43\xd7"
	"\xa0\xda\x15\x68\xe8\x1b\x34\x0b\x85\x23\x4c\xd8\xb5\xcf\x92\xb1"
	"\x6e\x08\x9d\xde\x53\xad\x8f\xe3\xf5\x1f\x3b\x8c\xe0\xf4\xaf\xc7"
	"\xbf\x9a\x3f\xfe\xfd\xf2\x50\xff\xd5\xf1\xab\x19\xbe\x11\x98\xc1"
	"\x68\x4e\x18\x87\xf6\xa8\xd1\xb2\x08\x43\x3d\x79\xab\xda\x37\xb2"
	"\xdd\x23\xa1\x24\x00\x71\x74\x5d\xd6\x8e\x4f\x9d\xa3\x6d\x96\x6c"
	"\xfc\x30\x8e\x09\x53\x08\x55\x24\xee\x36\xb8\x50\xf7\xe7\x70\x6b"
	"\x15\xe6\x30\xf3\x5e\x6e\x03\xd9\xb6\x2c\x4c\xe6\x52\xf8\x50\x91"
	"\xae\x56\x3c\xd3\x8e\xcf\xf2\xc7\xd5\xf1\x70\x77\x2f\x4e\xfd\xa1"
	"\x03\xa8\xf4\x25\xf0\x73\xc4\xe3\x08\x51\x9e\xae\x73\xe8\x05\x45"
	"\xb8\x77\x15\xd9\x78\x94\xb1\x0e\xe1\x5c\x74\xee\x88\x47\x77\xa1"
	"\x76\x73\x41\x27\x25\xc2\x49\x5c\xe5\xfe\x51\x04\xa7\x5e\x81\x3f"
	"\x55\xb6\x71\x20\x8b\x05\xea\x76\x14\x98\xfc\x0c\xd3\xe5\x61\x2d"
	"\xad\x7d\xb0\x6a\x5c\x44\x7a\x13\x24\xee\x12\x76\x86\x48\xc6\xd1"
	"\x2b\x06\x1d\xc8\xae\x41\x60\xbf\x56\xd1\xfc\x6c\xdc\x8f\x95\x35"
	"\xb4\x79\xb0\xf0\x5a\x4c\xfd\x8a\xf6\x71\x31\x5f\xd0\x9f\x2b\xcb"
	"\x65\x7f\x7d\x92\x18\x87\x44\x6d\x5e\xdf\x79\x64\x33\xe7\x63\xed"
	"\x9b\x67\x63\xe8\x2a\xb8\xad\xb3\xc9\x9d\x89\x54\xcd\x1a\x71\xd0"
	"\x3b\x13\xad\x93\xb0\x10\xa9\x31\x3e\x37\x32\x3f\x9b\xa0\xbe\xca"
	"\x6e\xc0\x6a\x14\x3e\xdf\xea\x2e\x6b\x7a\xac\x19\x09\x16\x8d\x34"
	"\x57\x3c\xb2\x0a\xf2\x04\x27\xf4\xe8\x24\xca\x62\x98\x89\x92\x5f"
	"\x24\x4c\x12\x22\x0d\x7d\x14\xc6\x94\xb7\x9a\x08\xb8\x0d\x7f\x27"
	"\x81\x47\x85\xac\x13\x31\xdd\x90\x09\x58\xdc\x8a\x6c\x56\xd0\xfe"
	"\xa1\x77\xff\x7c\x87\x2e\xa3\x82\x75\xe8\x46\x8b\x10\x91\x88\xd1"
	"\x67\xc1\x6f\x82\xd0\x75\x9d\x16\xd0\xd8\x5b\x76\xed\x0c\xb6\x85"
	"\x41\x39\xb3\x01\x66\xf6\xb0\x33\x62\x49\xa1\xd6\x45\x01\xec\x6f"
	"\xe5\x3c\xcd\x45\x9d\x3d\x08\x5e\x8d\x69\x0c\xb6\xd0\xa6\x68\x08"
	"\xf1\xc0\x5b\xe7\x61\x71\xdb\x43\x82\x44\x44\x84\x96\x5c\x39\xdb"
	"\x47\x24\xac\xdb\x62\x8b\x8c\x1f\xf7\x7d\xe6\x1b\x5d\x62\xfc\x4d"
	"\x12\x07\xdb\x39\x2b\x7a\x9f\x88\x25\xc0\x30\x63\x12\x6c\xf9\xa5"
	"\x02\x08\x30\x15\x8a\x2f\x82\x2b\x10\xbd\x89\x64\xcd\x4c\x1b\x09"
	"\xcd\xd7\xd4\x86\x99\x42\x62\x4e\x37\xad\x75\x3b\x40\xaf\xa2\x0c"
	"\x63\xf0\x5b\xe6\x44\x4d\x11\xa6\xde\x92\xe5\xc0\xa1\x7e\xbb\x7e"
	"\x3f\xfe\x72\xaf\x3b\xd3\x21\x9e\xb5\x81\xab\x3b\xbc\x6c\xc8\xf1"
	"\xcc\xa7\x26\xc5\x77\x1a\xda\x8e\xf8\x45\xce\x39\x39\xcd\x52\x6f"
	"\x04\x9c\x15\x23\x6d\x49\xc2\x68\xf8\x68\xfb\x75\x86\x78\xae\x33"
	"\xfb\xb1\x80\x17\xbd\x51\x6d\xc8\xca\x2d\x2b\x8a\x7c\x58\xac\x98"
	"\xb4\x2d\xd4\x99\xb4\xe7\x13\x0e\x31\xe8\x50\x90\x22\xc6\x1a\x45"
	"\xcc\x5e\x81\x0a\x63\x58\xea\xdc\xad\x9f\xaf\x47\x35\xf9\x0e\x1b"
	"\x08\x95\x01\xb9\x7d\x11\xa6\x0f\x41\x35\x06\x49\xc7\x09\x5e\x88"
	"\x5a\xb0\xb8\x37\xf6\x42\x4d\x36\x65\x4d\x68\xf6\x34\x53\x7e\x78"
	"\x88\x4e\x37\x69\x8f\x7b\x43\x8b\x74\x34\x58\xba\x25\xf0\x7e\x4f"
	"\xa9\x8a\x41\x86\x5b\x70\x0a\x0b\x13\x11\x8a\x43\xfc\x96\x68\xe0"
	"\x74\xe8\x0f\x5d\x5b\x48\x6e\x09\x67\x8a\xd9\x3a\x8c\x8a\x30\x81"
	"\xfd\x7f\x91\x30\xcc\xf9\x24\x35\x20\x49\x8b\x70\x2e\xbb\x35\xd4"
	"\x45\x2a\xb7\xa0\x1a\x11\xec\xad\xd4\x1a\x46\x3e\x72\xb3\x4e\xe5"
	"\x44\x19\xa2\x00\x83\x91\x0a\x97\x1a\x71\xbc\xcc\x7b\x13\xe8\x1c"
	"\x47\x24\x29\x1a\xfa\x1f\x2c\x4f\x7a\x61\x46\x6a\x80\xfa\xfc\x1a"
	"\x2d\xf2\x40\xda\x2e\x6e\xe6\x71\xd1\x73\xd5\x90\x90\xce\x41\x20"
	"\x2a\xf0\x8a\x48\x8e\x3a\x53\xa4\x73\x6e\x51\x0b\xbc\x86\x89\xb5"
	"\x24\x8e\x1b\xd9\x51\x52\xcd\x95\xa7\x30\x6c\xb0\x39\xf7\x88\xcf"
	"\xa5\x98\xdb\x3a\xcc\x61\x35\xc1\xee\x9e\x8f\x3e\x7f\xa6\x64\xd1"
	"\x0f\x76\xcb\x31\xa2\x40\x94\xfe\x20\xaa\x45\xc9\x45\xcd\x1f\x74"
	"\x88\xb6\x30\x05\xc4\x77\x5e\x22\xc4\xfc\x28\x5e\x9a\xa9\x67\x91"
	"\x97\x07\x71\x90\x14\xc0\xe9\xcc\x4f\x32\xa0\x77\x77\xff\x28\x3b"
	"\xb7\xcf\xb9\xd8\xee\x87\x56\x53\xfe\x97\x3c\x8d\xbf\xfa\x1b\x5f"
	"\x70\x15\x67\xa6\xa2\xa3\x46\x4c\xa7\x20\x5a\x53\xe3\xb4\xf6\xe7"
	"\x3d\xa8\xd6\x3f\xa7\xfc\x2b\x9c\x44\x5f\x93\xa2\x57\xef\x69\x96"
	"\xcb\x9b\x71\xcc\xe1\x09\xa9\x64\xd3\x27\xb9\x74\xf4\x11\x07\xdf"
	"\xee\x6d\xef\xba\xf6\xf4\x8b\x7e\xdd\x5d\x63\x67\xd2\x75\x31\x77"
	"\x55\x12\x61\xd1\x1e\x22\xe7\x33\x07\x8b\xa8\x35\x22\xc0\xfc\x47"
	"\x3b\x02\xd9\x5b\xf5\xfe\xb0\xbf\xfa\xa5\xfa\x76\xf4\x9c\xeb\x55"
	"\x2d\x8a\x56\x7d\x6b\xba\x2e\x88\xfa\xa5\xa2\xb3\x1f\x8b\x42\xec"
	"\x02\x4c\x5e\x1b\xd6\x61\xad\xe5\xea\xbc\x65\x18\xf9\x79\xa0\xde"
	"\xfd\x05\xc5\x5a\x99\xad\x18\xf9\x94\x6e\xbf\xf7\x42\xe9\x16\x71"
	"\x36\xf8\xa9\x3a\x30\x6a\xa0\x3d\x5c\xcf\x6a\xf2\xf5\x02\xb6\xab"
	"\x99\x72\x5d\x83\xd0\x3d\xf7\x61\xcb\x06\x09\x35\xe8\xaa\xfa\x9a"
	"\x84\xc7\x8b\x70\xc1\x92\x22\xac\x3f\xbb\xeb\x4a\xdd\xe6\xb4\xe9"
	"\xce\x27\x60\xd6\xea\x74\x6b\x22\xae\x89\xbc\xfc\x73\xcc\x56\x40"
	"\xf3\x16\xcc\x1f\xc1\xe6\x34\x16\x88\xc3\x46\xbd\x65\x71\x1f\x79"
	"\xc7\xde\xa8\x2f\xe9\xba\x00\xc2\xc4\xd9\x24\x6f\x34\xd2\xfc\xd9"
	"\x48\x0b\x69\xc8\xcb\x59\x4c\x40\xfc\x66\xcd\xf8\x92\x00\x37\x23"
	"\xac\x5f\x1c\x26\x30\x2b\x28\xde\x2f\x1e\xf9\xfa\x8c\xc6\x6e\x92"
	"\xad\x35\x8a\x3a\x34\x9a\x2b\x5e\xda\x2e\x08\x4c\x68\xd5\x99\x55"
	"\xf5\x6f\xdc\x25\x22\x98\x8d\x27\x6e\x4a\x5a\x65\x35\x49\xf4\x33"
	"\x3d\xc1\xea\xb5\xd6\xd2\x59\x9f\xa5\x5b\x7a\x9f\xa2\x74\x2d\xe3"
	"\x53\x74\x3f\x79\xe1\x2b\x09\x65\xb2\xce\x37\x8e\x77\x42\xbb\x77"
	"\x0e\x08\x07\x04\xd7\x0f\xd5\xaf\xa7\xbb\x63\x75\x3d\x20\x14\x0a"
	"\x2b\x45\x6f\x66\x6a\xc9\xa7\x41\x73\x26\x2b\xc8\x6e\xf9\x86\x3c"
	"\x98\xa8\x91\x06\x76\x09\xfd\xfa\xa9\xdd\x21\x19\x11\x3a\xe6\x5c"
	"\x6d\x88\xe0\x05\xd9\x92\x5c\x58\x21\x05\xa4\x3e\xa3\xb7\x19\xaa"
	"\xf1\xdd\x68\x8f\xf0\xe3\xdc\xd3\x9d\x73\xae\x03\xb7\x07\x65\x09"
	"\x07\xa5\xfc\xe0\x09\x99\xd0\xc8\xc4\x26\x10\xd7\xd6\x48\xc4\x20"
	"\x11\xba\x36\xaa\x05\xae\x43\xbe\xc7\xd1\x49\x84\x6c\x81\x63\x92"
	"\x88\x45\x22\x64\xab\x1d\x87\x44\xa6\x04\x32\x35\xa9\x67\xa6\x64"
	"\x8f\x4e\x4d\xea\x7b\xa6\x16\xf5\x1e\x77\xd2\xfb\x1e\xe0\xe2\x70"
	"\x76\x94\x2e\xf1\x80\x6e\x90\xef\x07\xa8\xd7\xd5\x8c\x7b\x61\xa8"
	"\xae\x5f\x57\x17\x1b\xea\x62\x53\x5d\x4c\xb4\xdd\x56\x17\x3b\xea"
	"\xe2\x89\xba\x78\x4a\xb4\x9b\x68\x8a\x4e\xb4\x45\xef\x35\x66\x95"
	"\x86\x6e\x99\x2b\xca\xd6\x72\x59\xcc\x3c\x3c\x85\x58\x32\x2c\xf6"
	"\x02\x90\x2c\x3d\x55\x39\xc8\x75\xeb\x6e\x56\xb2\x13\x92\xa7\xac"
	"\x08\x95\x75\xdd\xe6\x61\x14\xa9\x6a\x5b\xb0\x40\x5d\x0e\xd2\xdd"
	"\x6a\x58\x1c\x7a\x98\xa9\xd9\x57\x00\xc9\x3a\x2c\x88\x6f\x53\x36"
	"\x09\x84\xe5\x55\xc8\x97\x32\x80\xcc\xb7\x24\x2e\x47\x31\x15\xe0"
	"\xcc\xeb\x65\xe2\x93\x82\x0e\x0c\x23\x9d\xae\x82\x6e\xb8\x1d\xfc"
	"\x25\x4e\x27\x26\xe5\x5b\xcb\x50\xdb\x0f\x27\x40\x22\x94\xdf\x18"
	"\x07\x81\x60\xa9\x9a\x2a\x08\xc7\x3d\xc1\xf7\x05\x3e\x4d\x02\x40"
	"\xe9\x2f\xcb\x14\xde\xc7\x50\x3b\x41\xd9\x51\xd5\x6a\x25\x0c\x9e"
	"\xca\xc5\xd5\x72\x91\x87\x9e\x4a\x1f\x7d\xa2\x44\xaf\xfd\xda\x4d"
	"\x9e\x9f\xe8\x3b\x9c\xbb\x42\x4f\xd5\x96\xa9\xb9\xd4\xb6\xde\xe6"
	"\x8c\x54\x3d\x78\x3a\x3f\xb7\x73\x22\x09\xf8\xb9\x75\xac\x50\x05"
	"\x44\x89\x78\x8c\x8e\xae\x19\xf2\x87\xc0\x6c\xfb\xf9\x37\xd3\x98"
	"\x38\xae\xe4\x9c\x0e\xd2\x9b\x1f\x24\xd0\xa7\xa8\x1e\x41\xd9\x17"
	"\x2f\xec\x53\xaf\xc9\xdf\x73\xa2\xec\x11\x8d\x40\x20\xf3\x45\x11"
	"\xe6\xce\x91\x18\xf0\x01\x15\xee\x78\x3c\x23\x52\xe5\xcd\xd3\x5c"
	"\xa8\x6c\xea\x5b\x32\x55\xff\x15\xac\x10\xe9\xb3\xd1\xd4\xc4\x0f"
	"\x96\x41\x94\x75\xef\x5a\x94\xb0\xe8\xa5\x6f\xd7\x5f\x6b\x31\xb1"
	"\xac\xfe\x3e\x7e\xfd\x63\xf7\xf2\xf5\xae\xaa\xca\xfb\xfd\xa1\x2a"
	"\x7f\xed\x0f\x7f\xdd\x1d\xc4\x7d\x6a\xbf\x7f\x39\x2c\xe5\x64\xbd"
	"\x55\x8e\x52\x83\xd5\x77\x4c\x0c\xf8\xa6\xf1\xa1\x6a\xc9\xfd\x90"
	"\x63\xec\x9b\x4f\x12\x07\xc2\x65\x75\x6c\x22\xb5\xa4\x6c\xe3\x89"
	"\xcf\xe7\xc3\xd9\x79\xa2\x11\xda\xd3\x3c\xb8\x01\xd9\xb4\x28\x37"
	"\x2c\x5a\x07\xdf\x34\x92\x98\x87\x7e\xc1\x66\x28\x17\x2e\x61\x79"
	"\x42\xbd\x53\x55\x43\x63\x2a\xde\xc3\x89\xa4\x48\xe3\xf4\x36\x1d"
	"\xa7\x61\x19\xf4\x60\x4c\xf8\xce\x9d\xa8\xa2\x94\xf9\x59\x98\x8c"
	"\x13\xdd\x32\x65\x1c\x6a\x54\xdd\x2d\xfa\x4b\xf5\x54\x78\xd6\x36"
	"\x8e\x3d\x2a\xe2\x9d\x49\xdb\x5b\x48\x44\x8d\x0e\x36\xb1\x32\x1a"
	"\x48\xad\x10\x19\x9b\x5e\x03\x9a\x9e\x23\x10\x41\xf6\xed\xfa\xad"
	"\x7a\xda\xbd\xbc\xff\x7d\x5d\x6f\xdb\xab\xea\xf0\x52\x3d\x5d\x3d"
	"\xe2\xbc\x16\xf6\x6f\xe7\xed\xbb\x09\x92\xf3\xbc\x3f\x7c\x5c\xed"
	"\x5e\x76\xe8\xd7\xb0\xfb\xcf\x5d\xe3\x05\x74\xf2\x49\x14\xfa\x00"
	"\x54\x9d\xc1\x3c\xc9\xa1\x0b\xba\x47\x11\xfe\xc2\xb9\xe6\xad\xca"
	"\x24\x95\x03\xe2\x75\x20\xd8\x0d\x88\x3b\xba\x10\x73\x57\xd5\xdb"
	"\x0d\x91\xcc\x6a\x40\x3c\x87\xc3\x93\xa0\x3d\x89\xd7\x4d\xda\xd3"
	"\x5a\xb5\x76\xf8\x78\x3d\xee\xaf\x70\x7d\x5f\xed\x0f\x57\x8f\xd5"
	"\xd3\xab\xf0\x97\x92\x88\x51\xbd\x2d\x85\xc2\x92\x8a\x8d\x61\x79"
	"\xc0\x7c\x65\xe1\x90\x74\x16\xad\xbc\x30\x93\x92\x83\xf7\x91\xe1"
	"\x43\xb8\xd4\x94\x85\x43\xd2\xbc\xab\xca\x3f\x97\x29\x09\x87\xc2"
	"\x64\xdb\x74\xb2\x25\x8c\x6a\xfd\x2a\xcb\x0c\x55\xe1\xb0\x06\xe4"
	"\x05\x14\xcd\xe1\x92\x7a\xbd\x29\xf5\x97\xe4\x80\x96\x81\xe7\x0f"
	"\x3b\x05\x58\x20\x38\x46\xf2\xff\x56\x76\x6c\x4b\x71\xeb\xc8\x5f"
	"\xe1\x71\xb7\x6a\x37\x05\x64\x42\xd8\x87\x3c\xf8\x22\x8f\x7d\xf0"
	"\x0d\xc9\x66\x06\x5e\xa6\x08\x61\xc9\xd4\x39\x90\x14\x0c\xb5\xd9"
	"\xbf\xdf\xee\x96\x2f\xb2\xd4\xd2\x64\xab\x92\x02\xd4\x6d\xc9\x6e"
	"\xb5\x5a\xad\xbe\xa8\x7d\xed\xee\xb8\x83\x0f\x80\xc5\x1e\x45\x32"
	"\xf9\xc1\x95\x83\xb5\xce\xce\xce\x2f\xab\xbe\x74\x00\x75\x5f\xf2"
	"\x8d\xe7\xcc\x27\xb6\xf4\xd3\xff\x99\xb8\xe1\x5f\xf7\xa2\x17\x4e"
	"\x8f\xf4\x23\x65\xba\xac\x34\xc4\xdf\x27\x2c\xdf\x1c\x74\x27\xe6"
	"\x51\x4f\x5c\xd0\x00\x55\x45\xe5\xf2\xf9\x54\x26\x41\xc7\x40\xbd"
	"\x1f\xbe\x63\xd8\xf3\xc3\xfd\xe1\xf1\xdb\x89\x78\x79\xc0\xf5\x86"
	"\x37\x6b\xff\x67\x7f\xf8\x7e\x12\xbd\xbd\xfd\x78\xd8\x13\x28\xbd"
	"\x3f\xdc\x3b\xeb\x2e\x31\x0b\xb0\x8f\x64\x5e\x96\x5e\x1f\x31\xf3"
	"\x08\xfe\x9d\x9f\xb6\x4d\x79\xeb\xad\xd4\x33\xad\xc4\x75\x81\x75"
	"\x56\x7e\x07\xa7\x3c\x8a\x74\xfe\xe9\x22\x84\x03\x9b\x55\xaf\x2e"
	"\x3c\x51\xfd\x26\xce\x99\x15\xb2\x6d\x91\x5a\x5c\x17\x37\x2e\xad"
	"\xe1\x9b\x41\xf2\xdd\x8c\xd4\x8e\x29\x75\xf3\xf9\xc7\x37\xb3\x76"
	"\xc5\x48\xa1\x98\x9b\xe0\x24\x8b\xfd\x83\x26\x9d\xbb\x16\x12\x86"
	"\xf3\x45\x12\x33\x5d\x97\x72\x13\xfa\xe8\x16\x5e\xc8\x3f\xf4\xb6"
	"\x53\x4c\x97\xa0\xbd\xe3\x95\x6a\xfe\xc7\xea\x7c\x64\x00\x57\xd0"
	"\xa4\x70\x18\xea\xfa\xa9\x70\x5d\x7e\xff\xf6\xdd\x47\xaa\xca\xac"
	"\xf1\x37\xca\x57\xae\x71\xcb\x53\xf5\x86\xad\x2c\xb1\x7f\x7a\x7c"
	"\x3b\xb8\x83\xc9\xe4\xe3\x79\xc2\xac\xe6\xe4\x23\x27\x1f\xa0\xbd"
	"\x3b\x3b\x4d\x8b\xcc\x4f\x84\x35\xbb\x3f\x18\x84\x71\xf8\x2f\x5d"
	"\xf9\x7b\xab\x52\xf6\x91\x02\x58\x4f\x94\xf8\x33\x34\xc9\xb2\x4a"
	"\x8f\x2c\x34\xc4\xb8\x38\x3d\x82\x71\x64\x8d\x01\xc6\xc7\xf3\xd0"
	"\xe2\xc9\xa3\x33\x87\x1e\xd0\x08\xdd\x72\xcd\x9f\xce\x38\xc2\x03"
	"\xe0\x63\xe8\x25\x54\x15\x04\x77\x6b\xe9\xab\x4b\x30\x4a\xf6\xf6"
	"\xd3\x99\x9b\x3e\x92\xec\x7f\x7e\x5f\x5c\x4c\x38\xc9\x1e\x6e\x81"
	"\x40\xab\x75\xed\x9d\x83\x51\xf7\x71\xa1\x02\x7b\x81\x4c\x56\x8c"
	"\x2e\xd2\x6c\xb2\x82\x61\xaa\x11\x30\x5c\x43\xcb\xf1\x6b\x54\x89"
	"\xb2\x2c\xa2\xd0\x3b\x25\x91\xea\x3e\x1d\x43\xb8\xf0\xbf\x73\xca"
	"\xd2\x22\x73\x76\x52\x47\x9c\xe4\xd1\x5d\x94\x06\x27\x35\x2a\x55"
	"\x14\x62\xad\x71\xdf\xe1\x18\x46\x88\x70\xdf\x42\xb6\xbe\x8a\xa9"
	"\x13\x4f\xad\x82\x3c\x25\x82\x64\xed\x36\x8d\x7d\x0d\x3a\x8b\x30"
	"\x4f\xde\x78\x77\xf9\x4f\xcc\x3c\x5a\x2a\xfa\x23\xa5\xc9\xff\xe0"
	"\xf0\x41\x79\xd7\x30\x14\xb8\x5c\x9d\xfb\x07\x2f\xef\x56\xdc\xa6"
	"\x81\x2e\x17\xff\x43\xe8\x3f\x99\x2a\x8f\xde\xbf\x7c\xfb\xf1\x7c"
	"\x52\xbf\x3f\x7f\x7d\x7c\x1d\xef\x2b\xe0\x5e\x1a\x4b\xd3\xee\x92"
	"\x96\x53\x85\x53\x19\xaf\xc7\xa2\x34\x0c\x64\x90\xf9\x8e\x1a\x4a"
	"\x30\x5f\x55\x76\x13\x09\x76\xd0\x00\xdb\x02\x86\x33\xee\x1f\x18"
	"\xad\x29\x05\x66\x38\xb4\xb7\xcc\xd8\x14\x83\x0d\xa7\x8e\xa3\xe3"
	"\x4f\x88\x6a\xd0\xd1\x7f\x0b\x59\xd6\xeb\xdf\xc2\xc3\xd3\x8c\xff"
	"\xcb\xc8\x16\xb0\x0c\xc0\x1e\x21\x1b\x8e\x9e\xe2\x06\x54\xbd\x36"
	"\xb4\xc0\x6f\xe6\x8a\x42\xfc\xd3\xd2\x13\x9d\x6c\x20\xe1\x95\xd0"
	"\x78\x10\xe6\x02\xdd\xd5\x6d\x55\x09\x34\xda\x91\x85\xb0\xbb\x6d"
	"\x4d\xb7\xf7\x0c\x6c\xfb\xb8\x1c\x70\x54\x1f\x2f\xd1\xb6\x9f\x4e"
	"\xff\xb5\x4b\x04\x1a\xa6\x8a\x04\x9d\x74\x2d\xc6\x3d\x18\x1a\x54"
	"\x7b\x95\xa8\xcf\xc0\x6d\x4a\xa1\x31\x7f\x82\xce\x36\x50\x82\x53"
	"\x90\x2d\x0c\xe0\x49\x44\x5e\xa3\x91\xac\x15\x3a\x58\x0b\x43\xa1"
	"\x68\xb0\x82\xa9\xf1\x9c\xe0\x5d\x04\xff\x26\xcd\xfb\x8d\x6e\x8c"
	"\x7f\xdb\x3f\xbd\xe8\xd4\xac\x87\xef\x8f\x0f\x7f\xc2\x69\xdf\x2c"
	"\x47\x45\x45\x47\x28\x10\x57\xdb\x4f\xe5\x22\x0a\xcc\x85\xab\x45"
	"\xbd\x8e\x01\x2e\xb6\x9d\x8c\x4c\x22\xf8\x6c\x30\x4d\x9d\x46\xf2"
	"\xd6\x1e\x8f\xc7\xd6\x5d\xc7\x25\x95\xdb\x56\x1d\x87\x3c\x59\x87"
	"\x6b\xec\x95\x42\xac\xb2\xa9\xba\xf8\xfe\xeb\xeb\xfd\xeb\x7f\x4f"
	"\x5e\x7f\xbc\x1f\xf6\x2f\xa6\xba\x17\x17\x9d\x14\x18\xcc\x2c\xac"
	"\x0b\x39\x29\xd0\x81\x83\x6a\xa3\x71\x64\x1c\xe7\xc6\x3c\x21\xd5"
	"\xc9\x3a\x41\xe3\xa6\x6c\x2a\xeb\x14\x69\xa2\x94\xa2\xf6\x40\x6b"
	"\x81\x11\x30\x85\xe9\x55\x9c\x72\x90\x92\x62\x0a\x1a\x36\x43\x31"
	"\x30\xf8\x2a\xa9\xda\x6d\x92\xaf\x29\x6e\x4f\x8a\x8c\x09\xd6\xc8"
	"\x22\x4c\x1c\x86\x73\x7d\xd1\x96\xc5\x92\xe3\x8a\x7a\x88\xa4\xe2"
	"\x2f\x38\x05\x5d\x13\xd3\x6a\xba\x85\x45\x20\x39\xbb\x58\x2e\xc2"
	"\x64\xe7\x2a\xa4\x0b\x70\xd1\xf5\x3b\xfe\x14\xe9\xa8\xb8\xd0\x10"
	"\xca\x47\x19\x10\x60\x09\x8a\xf8\xf6\x92\x79\x54\x43\x7c\x9b\x26"
	"\xa1\x44\x72\xe3\xe3\x4b\x8d\x01\xf3\xee\x83\x5e\x78\x7b\xf6\x02"
	"\x3e\x73\x66\xf7\x22\x76\xb5\xfe\xc4\x70\x08\x6e\xb7\x4b\x15\x9e"
	"\xec\x89\x23\x3b\xd8\xcd\x34\xd1\xda\xa3\xe2\x43\x71\xa0\x73\x1c"
	"\x46\x54\xa7\x4d\x15\xa6\xfa\x1d\xbc\x2f\x4a\xf3\xe5\xce\x4f\xad"
	"\x8e\x3e\x60\x86\x60\x2c\x5b\x53\xc1\xb5\xaf\x76\x7c\x2b\x87\xbd"
	"\x08\x9e\xb0\x9a\x39\xfc\xed\x1d\x36\xdb\x7f\xef\xb6\x97\x17\x4e"
	"\x1b\x25\xa6\xb5\x2e\x6e\x11\x99\xee\xe8\xa1\x31\x92\x15\xd7\xd6"
	"\xe5\x7d\x15\x3b\x00\x2c\x05\xe4\xf6\x1b\x27\x7f\x98\xb3\x30\xb4"
	"\x7a\xe8\x3f\x7f\xdb\x6e\x7d\x67\xe6\x6d\x1a\x00\xad\x4d\x59\x72"
	"\x83\x71\xd4\xc0\x36\x99\xee\x54\x53\x36\x95\x19\xcc\x6b\xb6\xa2"
	"\x17\xed\xd2\x03\x82\x01\x0d\x50\x07\xd2\x5e\x09\x64\x3f\xae\x6d"
	"\x77\x55\xb5\x6c\x7b\x5c\xb1\xcd\x99\x32\x2b\x40\x28\xd5\x24\x05"
	"\x08\x5b\x12\xc6\x32\x5a\xf8\x93\x28\x83\xc2\x4c\x12\xc3\xa6\x45"
	"\xe5\xc8\x9a\x5e\x5a\x17\xe1\x04\x89\xbb\xee\x72\x0b\x46\x95\x23"
	"\xa3\x96\x1c\x21\x76\x80\x1b\xc2\xd0\x17\xb6\xeb\x76\x17\xab\xd8"
	"\xb4\x67\xd3\xde\x30\x12\x17\xd1\x92\x26\x27\x5d\x6d\x59\xf6\x73"
	"\x90\xa9\x4d\x6b\xba\x58\x36\x45\xd3\x95\x06\x7b\xa8\x75\xa9\xe7"
	"\xc7\x90\x01\x6d\x0f\x47\x59\x53\xca\xa7\xd7\xe6\x4e\x53\x36\x0b"
	"\x33\x0b\xfe\x1d\x5a\xb6\x75\xb9\x0c\xa7\x4f\xca\xbb\x5d\x17\x2d"
	"\x2d\x35\x8d\x4c\x3d\x07\x78\x20\x00\x6f\x68\x97\xd7\x68\x4a\x28"
	"\xb9\xa0\xc1\xb6\x00\x99\x60\xac\xe3\x22\xce\x52\x83\x36\x98\x49"
	"\x28\xd1\x64\xd6\x49\x63\x3e\xb3\xa6\xee\xdc\x64\x30\x6a\xbd\xfc"
	"\x75\x76\x61\x35\xa1\xa7\x01\xbe\x59\x2c\x9c\xab\x98\x58\xda\x94"
	"\xcc\xd6\xa7\xb0\xde\x53\x54\x18\x9c\xae\x60\x42\xad\xec\x1b\xf4"
	"\xd5\xd6\x6b\x96\x92\x4b\x17\xc9\xa8\x32\x51\xeb\xcf\xd7\xfd\xcb"
	"\xe1\x4f\x9d\xfa\xff\xfc\xf8\xf6\xe4\xfa\xbd\x49\x0b\xd1\xd5\x41"
	"\xcc\x60\x51\x6a\x84\x45\x9b\x15\x5b\x58\x6a\xf9\xf2\x9a\xf7\x21"
	"\x1a\x0b\x73\xb0\x4a\x74\xe9\x4d\x26\xf9\xcf\x5e\x8c\xeb\xbe\x10"
	"\xdd\x97\xd5\x1c\xb9\xa9\xd5\x4b\xa7\x87\x95\xe1\x44\x6f\x9a\x6e"
	"\x7c\x13\x4a\x99\xe1\x39\x60\x48\xa1\xe3\xcb\xe4\xe2\x29\x71\xff"
	"\xd7\xe3\x3f\x0f\xfb\xe7\x41\x9f\x7c\x23\x62\x3c\xe8\xf6\x57\x97"
	"\x1e\x3a\x9d\x66\x38\x15\x18\x7e\xac\xb1\x15\xe3\xba\xfb\xc4\x73"
	"\x66\x36\xd0\x14\xa8\x31\xdd\x31\xa4\x74\x13\xc9\x8c\xdf\x94\xd7"
	"\x29\x2c\x9b\x44\x16\x6d\xe7\x8b\x22\x20\x23\x7f\x85\x59\x6c\xe4"
	"\x08\xe5\xe2\xde\x25\x96\xaf\xc3\xf0\xfd\x2f\xe7\x97\xa7\xa7\x4b"
	"\x66\x6a\x41\x7c\x61\xce\x6a\xe5\x09\x7d\x84\xa3\x93\xae\x6a\xa2"
	"\x7c\x21\x16\xa0\xd8\x61\x12\x53\x15\x37\xa5\x27\x9c\x10\xa7\xb8"
	"\xd9\xd4\x9e\x53\x9d\x26\x84\x2f\xa4\x13\xc6\x07\xad\xd6\xfd\x36"
	"\xeb\x71\xa5\x53\x5b\x30\x80\xb7\x8a\xba\x24\xe7\x9d\xcb\x0b\x14"
	"\xa2\xc8\xae\xa9\xcb\x5b\x6b\x31\x6e\x22\x58\xbb\x9a\x68\x6d\x43"
	"\xd9\x11\x66\x38\xb9\xd9\xee\xf2\x46\xd6\x60\x22\xec\x46\x44\x57"
	"\x18\x64\x81\x52\x92\x93\x3d\x11\xde\x28\x00\x47\x05\x69\x56\xec"
	"\x98\x1b\x27\x9f\xa0\x9e\xdd\x2f\xa7\xbf\xce\x38\x2c\xd0\xcc\x0b"
	"\x53\xbb\xd7\x6f\xa0\xf3\xc5\xa6\x22\xb2\xda\x25\x9a\x3e\x7e\x7d"
	"\x7f\x7a\xd2\x12\x61\x39\x2f\xb0\xa7\x89\xda\x9b\xed\xa3\xbb\x44"
	"\x44\x12\xff\xfe\xe9\x05\x82\xa8\xa6\xf6\x9d\x8a\xe6\x6e\x80\xa1"
	"\xb2\x00\x8a\x6c\xd2\x08\x73\x46\x7c\xc5\x14\x35\x56\x13\x63\x26"
	"\x93\x27\x1a\xa6\xec\x63\x1d\x32\xc0\x55\x94\xc2\x3d\x71\x20\x13"
	"\x6c\xca\x25\x4c\x93\x3b\x85\x23\x24\xc4\x6d\xe4\x0b\xee\x51\x76"
	"\x05\xb0\x58\x77\xf9\x24\xee\x07\x1c\x5d\x93\xdb\x7d\x8b\x01\x10"
	"\xe8\x5e\x57\x74\x20\x67\x72\x88\xe8\x9a\x0b\x51\x81\xf0\x52\x44"
	"\x6b\x40\x91\x32\xe3\xaf\x2c\x00\x55\x4b\x88\xcc\xbc\xa9\xc1\x9b"
	"\xae\xa1\x8e\x2a\xbf\x80\xce\xcf\xce\xa1\x4d\x08\xe0\xb2\x08\xf4"
	"\x03\x48\xdf\x39\x8a\x63\xa2\xd9\x55\xd2\xdc\x38\x63\xc0\x03\xd0"
	"\x3c\x24\xf6\xb7\x8b\x03\x03\xe2\x87\xa6\x31\xb7\xea\x4c\x6b\xd7"
	"\x07\xae\x95\x13\xbc\x13\xf4\xfd\xa7\xde\x26\xf2\xfb\x97\x27\xab"
	"\x60\x4b\xd6\xe1\x19\xb6\x6f\xc3\xd7\xae\x6b\xe0\x2e\xef\x61\xcb"
	"\xee\x22\xc5\xb3\xd4\xe6\x1a\x24\x0e\xc8\xa3\xb4\x59\x7b\xd6\x17"
	"\xa6\xab\x63\x9d\x50\x3e\x53\x6e\x01\xb7\x03\x60\x34\x10\xb7\xf5"
	"\xa6\xef\xe6\xbb\x51\x14\xc8\xd3\x54\x53\xc1\x50\x37\xa8\x71\x69"
	"\x09\xa3\xb6\x31\x02\xc7\xa8\x0d\x80\x98\x7a\x15\x88\x3a\x3d\x2a"
	"\x9d\x71\xfc\x2b\x21\xda\x23\xf2\x01\xd4\xf7\xaa\x75\x75\x1a\x9c"
	"\x8a\x59\x82\x9d\xfc\xed\xed\xe7\xfe\x05\x7d\x87\x6f\xff\x38\x79"
	"\x7e\x3f\x3c\xfe\x7a\x84\x5f\x1e\x0f\x0f\x1f\x3e\x7c\xf8\xfb\xbc"
	"\x81\x53\x6a\x21\xf5\x4b\x45\x54\x67\x9d\xcd\xcc\x65\xb9\x99\x52"
	"\x08\xf9\xbc\x6a\xec\x03\x3f\x3e\x24\xb1\xd0\x5c\x01\x27\x03\xa1"
	"\x42\x8c\x36\xd4\xb1\x0b\xad\xe6\xa3\x9d\x6c\x36\x1a\x09\x44\x5c"
	"\xb3\xb1\x63\xe4\xec\xb7\xda\x28\x51\x85\x3a\xa3\x4f\xf3\xcb\x74"
	"\x8d\x04\xa7\x31\xd4\xa9\x54\x09\x53\x77\xa4\x2f\xa4\x31\xd9\x6f"
	"\x07\xc5\x54\xf9\x09\x0a\x8b\x05\x63\x92\xfc\x42\x7e\xfe\x50\xff"
	"\x79\x81\x78\x8f\x96\xbc\x39\xa5\xb4\xa3\xc3\x57\x81\x56\x82\x0e"
	"\x0d\xe0\x51\x6d\x32\x08\xbc\xfc\x95\xde\x4c\xc2\x9b\x05\xfc\xbf"
	"\x11\x32\x6e\x94\x70\x05\xf5\x0c\x63\x4f\xc3\x44\x20\x38\x45\xb8"
	"\x0f\x02\xb5\x10\x10\x62\x9b\xd0\x6a\xa1\x74\xcf\xc2\x77\xb9\x81"
	"\xc6\x49\x40\x4b\x85\x13\x1f\x68\x09\x6e\xaa\x9d\x4c\x7a\x5e\x2d"
	"\x00\x80\x0e\x10\xf5\x4e\x10\x62\xf8\x66\xd1\x40\xc1\x6d\x07\xe6"
	"\x09\xa6\x63\x94\x3f\xe7\x67\x56\x27\xde\xbc\x65\x84\x8a\x6b\x15"
	"\x48\x7b\x1f\x16\xc5\xf5\xa0\x72\x49\x47\xd9\xb2\xe7\x89\x98\x0f"
	"\xd4\x1d\x34\xaf\x7b\x8c\x66\xf0\xc2\x79\xd3\xb5\xa5\xde\xe2\x29"
	"\x75\x85\x6e\x6f\xe2\xd3\x3a\x86\x09\xc0\x92\x8c\x8d\x3c\x96\x5e"
	"\xfd\x1b\x29\xd8\x68\x9c\xaa\x93\xdb\x8e\x0d\x8d\xac\x9b\x56\x93"
	"\x4b\x5a\x7b\x74\xd6\xd7\x5a\xaf\x0d\x43\xd7\x32\x6a\x73\x1e\x67"
	"\x3c\x3b\x65\xe3\x7a\x5a\x74\xa0\xf7\xd5\x2a\x69\x7a\xd0\x8a\xa5"
	"\xc0\x53\xb8\x85\x82\x39\x86\x34\xcb\x88\x49\x9a\xb1\xb2\x0b\x11"
	"\x0f\x0f\xea\x5e\xac\xcb\x78\x24\xdd\xdc\x65\x8d\xad\x47\x4d\x86"
	"\xe2\x9f\x23\x53\x50\x39\x6c\x2a\x1c\x65\x64\x98\x63\x18\xf3\x78"
	"\xcd\xc9\xe2\x70\x8a\xf6\x1a\xb4\x65\xa0\xae\x6f\x7f\xb8\x83\x3f"
	"\x5a\x4a\x3c\x88\xcc\xa1\xdf\x7a\x63\xef\x3c\xf8\xa6\xc0\xd8\x88"
	"\x68\xdf\x43\x63\x85\x8e\xc9\xf6\xd9\x32\x40\xed\xc8\x86\xe7\x3d"
	"\xd9\x99\xd4\x51\x08\x45\xef\xdc\x01\x84\x7c\x03\x6c\x18\x42\x18"
	"\x18\x62\x98\x74\x4e\x21\x19\x66\x55\xd5\xa0\x72\xc2\x72\x32\x3f"
	"\xd5\x02\x4d\xda\xa9\xda\xb0\x81\x32\x31\x88\x6f\x98\x3c\xbc\xec"
	"\x06\x3d\x48\x76\x5c\xe6\xd8\x1e\xd5\xb0\x16\x23\x74\xcd\xe8\x07"
	"\x3c\xdb\xe8\x84\x0e\xbc\x1a\x44\xd4\x8a\x4d\x80\x06\x71\x49\xb7"
	"\x36\xb1\x57\x2f\x8c\xaa\x27\x55\x9d\x1d\x26\x74\x66\x86\x9e\x6f"
	"\x8e\xdb\xcc\x69\xe3\x31\x9d\xc5\x3a\x4f\xcc\xc8\x67\xc3\x77\x72"
	"\xce\x5c\xcf\x6a\x76\x26\xb7\x8b\x40\xba\xb7\xfe\x1d\x20\x47\xd7"
	"\xd6\x50\x3d\xcd\x73\xe3\xe5\x24\x0c\x76\x31\x48\xb5\xbc\x8a\x24"
	"\xaf\xfe\x18\x8b\xfa\xff\xc0\x3c\xfa\x86\xc6\xa2\x22\xab\x91\x1f"
	"\x53\x7f\xb2\x00\xc5\x99\xac\xac\x99\x55\xdb\xdc\x92\x03\x43\xd6"
	"\x04\x56\xd9\x5b\x5c\x3c\x54\xd1\x45\x21\x2e\xcf\x18\xf7\x7c\x65"
	"\xee\xd2\x9f\x9b\xad\x33\xbf\xaf\x7a\x1a\x29\x59\xfe\x4d\x51\xc2"
	"\xb4\xc2\x5e\x4b\x1f\x8b\x6f\x8b\xd1\x02\x7c\x8e\xad\xa8\xbc\x04"
	"\xa1\x23\x76\xbd\xa3\x93\x38\x30\x88\xec\x5b\xef\x96\xa5\x22\x2c"
	"\x16\x79\xe4\x60\xb9\x4e\x17\x76\x5c\xfc\x3b\x74\x30\xee\x63\x3a"
	"\x02\xc2\xc1\xa5\x2b\xee\x84\x7d\xe3\x22\x41\xc3\xe7\x6a\xba\x85"
	"\xad\x50\xa4\xde\x6e\x44\x6a\x5d\x97\x77\xb1\xda\xb5\x5d\xda\x57"
	"\xad\x26\xa3\xef\xa6\xc1\x02\x4f\x42\xe3\x2e\x52\x78\xec\xcb\xba"
	"\x3b\xad\x63\xe2\xbb\xd2\x8e\x03\x42\x5a\x89\x90\x5a\xb7\xd9\x86"
	"\x74\xee\xb2\x58\xd7\x83\x1d\x24\x34\xa6\xc0\x38\x73\x9f\xe7\xb1"
	"\x91\x42\x15\xeb\xdc\x74\x85\x8e\x4d\x3b\xbc\xf3\x43\xe1\x65\x79"
	"\x3b\x85\xbf\x59\x16\x76\x03\x69\xc2\xd9\x75\x95\x27\x6e\x6e\xc2"
	"\xd7\x68\x6d\xd1\xff\x0e\x9e\xe8\xe2\x1b\xcf\xb5\xd2\x06\xa6\xbe"
	"\x52\x4e\x74\xd5\x6a\x7b\x04\x75\x14\x89\x52\xb4\x65\x91\xd8\xf5"
	"\xac\xdc\x9e\xbb\x29\xac\xb2\x3f\xec\xff\xda\x1f\xf6\xcb\x3b\x2f"
	"\x52\xd0\x39\x96\x6b\xf8\x7f\x16\x0c\xc3\x44\x63\x36\x02\x00"
MAGIC_END;
